old_path,wp_id,type,words,language,bucket,target_content_type,target_path,merge_canonical,reason
"/term_conditions/","15030","page","0","EMPTY/STUB","DROP-410","","","","LearnPress default T&C stub, 0 words - real terms page must be authored fresh"
"/become_a_teacher/","15029","page","0","EMPTY/STUB","DROP-410","","","","LearnPress become-instructor page (0 words)"
"/instructor/","15028","page","1","EMPTY/STUB","DROP-410","","","","LearnPress single-instructor page ([learn_press_single_instructor] only)"
"/instructors/","15027","page","1","EMPTY/STUB","DROP-410","","","","LearnPress instructor archive ([learn_press_instructors] only)"
"/courses/","15026","page","0","EMPTY/STUB","DROP-410","","","","LearnPress course archive (plugin artefact, 0 words)"
"/lp-profile/","15025","page","1","EMPTY/STUB","DROP-410","","","","LearnPress profile page ([learn_press_profile] only)"
"/lp-checkout/","15024","page","0","EMPTY/STUB","DROP-410","","","","LearnPress checkout (0 words)"
"/football-academy-brighton-2/","14724","page","185","TR","REWRITE","summerProgramme","/tr/yaz-okullari/berlitz-manchester/","","Slug says football-academy-brighton-2 but the page is Berlitz Manchester - slug/content mismatch"
"/skola-regent-gloucester-gate/","14715","page","219","TR","KEEP","summerProgramme","/tr/yaz-okullari/skola-regent-gloucester-gate/","","Root-level summer programme (219w) - must NOT be confused with the same-named university page"
"/barry-university-miami/","13970","page","189","TR","KEEP","summerProgramme","/tr/yaz-okullari/barry-university-miami/","","Root-level summer programme (189w) - must NOT be confused with the same-named university page"
"/new-york-st-peters-university/","13964","page","198","TR","KEEP","summerProgramme","/tr/yaz-okullari/new-york-st-peters-university/","","Root-level summer programme (198w) - must NOT be confused with the same-named university page"
"/los-angeles/","13957","page","190","TR","KEEP","summerProgramme","/tr/yaz-okullari/los-angeles/","","Root-level summer programme (190w) - must NOT be confused with the same-named university page"
"/tufts-university/","13951","page","186","TR","KEEP","summerProgramme","/tr/yaz-okullari/tufts-university/","","Root-level summer programme (186w) - must NOT be confused with the same-named university page"
"/university-of-middlesex-london/","13942","page","173","TR","KEEP","summerProgramme","/tr/yaz-okullari/university-of-middlesex-london/","","Root-level summer programme (173w) - must NOT be confused with the same-named university page"
"/university-of-kent/","13925","page","164","TR","KEEP","summerProgramme","/tr/yaz-okullari/university-of-kent/","","Root-level summer programme (164w) - must NOT be confused with the same-named university page"
"/grup-yaz-okullari/","13874","page","416","TR","KEEP","page","/tr/yaz-okullari/grup/","","416w group-summer-school hub, the substantive version of this pair"
"/university-of-greenwich/","13920","page","161","TR","KEEP","summerProgramme","/tr/yaz-okullari/university-of-greenwich/","","Root-level summer programme (161w) - must NOT be confused with the same-named university page"
"/abbey-college-cambridge/","13914","page","164","TR","KEEP","summerProgramme","/tr/yaz-okullari/abbey-college-cambridge/","","Root-level summer programme (164w) - must NOT be confused with the same-named university page"
"/university-of-westminster-london/","13899","page","184","TR","KEEP","summerProgramme","/tr/yaz-okullari/university-of-westminster-london/","","Root-level summer programme (184w) - must NOT be confused with the same-named university page"
"/university-college-london/","13893","page","179","TR","KEEP","summerProgramme","/tr/yaz-okullari/university-college-london/","","Root-level summer programme (179w) - must NOT be confused with the same-named university page"
"/london-kings-college/","13888","page","181","TR","REWRITE","summerProgramme","/tr/yaz-okullari/london-kings-college/","","Hero image is University-of-Aberdeen.jpg - wrong institution photo"
"/north-london-grammar-school/","13879","page","181","TR","KEEP","summerProgramme","/tr/yaz-okullari/north-london-grammar-school/","","Root-level summer programme (181w) - must NOT be confused with the same-named university page"
"/bireysel-yaz-okullari/","13521","page","529","TR","MERGE","","","/summer-schools/","Jaccard 0.41 / containment 0.78 vs /summer-schools/ - re-uses the same programme-type prose"
"/lsi-ucl-london-central/","13864","page","159","TR","KEEP","summerProgramme","/tr/yaz-okullari/lsi-ucl-london-central/","","Root-level summer programme (159w) - must NOT be confused with the same-named university page"
"/lsi-london/","13858","page","157","TR","KEEP","summerProgramme","/tr/yaz-okullari/lsi-london/","","Root-level summer programme (157w) - must NOT be confused with the same-named university page"
"/english-path-london/","13852","page","162","TR","KEEP","institution/languageSchool","/tr/dil-okullari/ingiltere/english-path-london/","","Root-level language-school branch (162w)"
"/st-giles-family-programme-london-highgate/","13846","page","170","TR","KEEP","summerProgramme","/tr/yaz-okullari/st-giles-family-programme-london-highgate/","","Root-level summer programme (170w) - must NOT be confused with the same-named university page"
"/st-giles-family-programme-london/","13840","page","166","TR","KEEP","summerProgramme","/tr/yaz-okullari/st-giles-family-programme-london/","","Root-level summer programme (166w) - must NOT be confused with the same-named university page"
"/football-sports-academy-yorkshire/","13834","page","163","TR","KEEP","summerProgramme","/tr/yaz-okullari/football-sports-academy-yorkshire/","","Root-level summer programme (163w) - must NOT be confused with the same-named university page"
"/st-giles-oxford-2/","13828","page","162","TR","KEEP","summerProgramme","/tr/yaz-okullari/st-giles-oxford/","","Root-level summer programme (162w) - must NOT be confused with the same-named university page"
"/st-giles-ucl-london/","13822","page","164","TR","KEEP","summerProgramme","/tr/yaz-okullari/st-giles-ucl-london/","","Root-level summer programme (164w) - must NOT be confused with the same-named university page"
"/st-giles-cambridge-2/","13817","page","165","TR","KEEP","summerProgramme","/tr/yaz-okullari/st-giles-cambridge/","","Root-level summer programme (165w) - must NOT be confused with the same-named university page"
"/football-academy-brighton/","13811","page","184","TR","KEEP","summerProgramme","/tr/yaz-okullari/football-academy-brighton/","","Root-level summer programme (184w) - must NOT be confused with the same-named university page"
"/business-and-finance-london/","13805","page","183","TR","KEEP","summerProgramme","/tr/yaz-okullari/business-and-finance-london/","","Root-level summer programme (183w) - must NOT be confused with the same-named university page"
"/engineering-camp-brighton/","13799","page","175","TR","KEEP","summerProgramme","/tr/yaz-okullari/engineering-camp-brighton/","","Root-level summer programme (175w) - must NOT be confused with the same-named university page"
"/ai-and-computer-science-oxford/","13789","page","180","TR","KEEP","summerProgramme","/tr/yaz-okullari/ai-and-computer-science-oxford/","","Root-level summer programme (180w) - must NOT be confused with the same-named university page"
"/intensive-english-london/","13779","page","168","TR","KEEP","summerProgramme","/tr/yaz-okullari/intensive-english-london/","","Root-level summer programme (168w) - must NOT be confused with the same-named university page"
"/bucksmore-education-brighton/","13772","page","175","TR","KEEP","summerProgramme","/tr/yaz-okullari/bucksmore-education-brighton/","","Root-level summer programme (175w) - must NOT be confused with the same-named university page"
"/skola-regent-park-london/","13767","page","167","TR","KEEP","summerProgramme","/tr/yaz-okullari/skola-regent-park-london/","","Root-level summer programme (167w) - must NOT be confused with the same-named university page"
"/sir-christopher-cambridge/","13754","page","163","TR","KEEP","summerProgramme","/tr/yaz-okullari/sir-christopher-cambridge/","","Root-level summer programme (163w) - must NOT be confused with the same-named university page"
"/sir-micheal-cambridge/","13749","page","161","TR","KEEP","summerProgramme","/tr/yaz-okullari/sir-micheal-cambridge/","","Root-level summer programme (161w) - must NOT be confused with the same-named university page"
"/sir-edward-cambridge/","13744","page","159","TR","KEEP","summerProgramme","/tr/yaz-okullari/sir-edward-cambridge/","","Root-level summer programme (159w) - must NOT be confused with the same-named university page"
"/turlar/","13411","page","716","TR","KEEP","tour","/tr/turlar/","","716w tour catalogue: England / Europe / Italy itineraries with day-by-day city lists and a EUR price; the only revenue line outside education"
"/summer-schools/","13185","page","901","TR","KEEP","page","/tr/yaz-okullari/","","901w - the longest page on the site; the real summer-schools hub. Note the slug is English while the content is Turkish"
"/ingiltere-yatili-okullar/","13153","page","472","TR","KEEP","page","/tr/yatili-okullar/","","472w UK boarding-schools hub; all 5 of its child links point at dead /boarding-schools/* and /yatili-okullar/* URLs"
"/yatili-okullar2/oxford-international-college-2/","13144","page","313","TR","MERGE","","","/yatili-okullar2/oxford-international-college-brighton/","BYTE-IDENTICAL body (Jaccard 1.00) - literal duplicate"
"/","12883","page","524","TR","REWRITE","page","/tr/","","Homepage: 524w Elementor build, 14 images all without alt text, links to 10 dead /irlanda + /course/* URLs; rebuild in the new design system"
"/yeni-zelanda-universiteler/","12724","page","306","TR","KEEP","page","/tr/universiteler/yeni-zelanda/","","Country landing page (306w) for university in NZ; genuine market prose"
"/kanada-universiteler/","12714","page","252","TR","KEEP","page","/tr/universiteler/kanada/","","Country landing page (252w) for university in CA; genuine market prose"
"/irlanda-universiteler/","12707","page","250","TR","KEEP","page","/tr/universiteler/irlanda/","","Country landing page (250w) for university in IE; genuine market prose"
"/avustralya-universiteler/","12691","page","316","TR","KEEP","page","/tr/universiteler/avustralya/","","Country landing page (316w) for university in AU; genuine market prose"
"/amerika-universiteler/","12642","page","397","TR","KEEP","page","/tr/universiteler/amerika/","","Country landing page (397w) for university in US; genuine market prose"
"/ingiltere-universiteler/","12587","page","539","TR","KEEP","page","/tr/universiteler/ingiltere/","","Country landing page (539w) for university in GB; genuine market prose"
"/english-path-dubai/","12532","page","136","TR","KEEP","institution/languageSchool","/tr/dil-okullari/dubai/english-path-dubai/","","Root-level language-school branch (136w)"
"/dil-okullari/dubai-dil-okullari/","12525","page","434","TR","KEEP","page","/tr/dil-okullari/dubai/","","Country landing page for language schools in AE (434w)"
"/irlanda-dil-okullari/","12362","page","476","TR","MERGE","","","/dil-okullari/ireland/","Root Ireland hub (476w) duplicates the nested /dil-okullari/ireland/ (10w stub)"
"/oxford-international-new-york/","12398","page","314","TR","KEEP","institution/languageSchool","/tr/dil-okullari/amerika/oxford-international-new-york/","","Root-level language-school branch (314w)"
"/ec-english-vancouver/","12389","page","176","TR","KEEP","institution/languageSchool","/tr/dil-okullari/kanada/ec-english-vancouver/","","Root-level language-school branch (176w)"
"/oxford-international-vancouver/","12380","page","171","TR","KEEP","institution/languageSchool","/tr/dil-okullari/kanada/oxford-international-vancouver/","","Root-level language-school branch (171w)"
"/english-path-brisbane/","12371","page","194","TR","KEEP","institution/languageSchool","/tr/dil-okullari/avustralya/english-path-brisbane/","","Root-level language-school branch (194w)"
"/oxford-international-melbourne/","12360","page","128","TR","KEEP","institution/languageSchool","/tr/dil-okullari/avustralya/oxford-international-melbourne/","","Root-level language-school branch (128w)"
"/english-path-malta/","12335","page","171","TR","KEEP","institution/languageSchool","/tr/dil-okullari/malta/english-path-malta/","","Root-level language-school branch (171w)"
"/dil-okullari/uk/londra-dil-okullari/","11558","page","167","TR","KEEP","page","/tr/dil-okullari/ingiltere/londra/","","City landing page (167w) for UK language schools"
"/twin-english-centres-dublin/","12320","page","178","TR","KEEP","institution/languageSchool","/tr/dil-okullari/irlanda/twin-english-centres-dublin/","","Root-level language-school branch (178w)"
"/oxford-international/","12309","page","152","TR","KEEP","institution/languageSchool","/tr/dil-okullari/ingiltere/oxford-international/","","Root-level language-school branch (152w)"
"/kaplan-international-oxford/","12300","page","185","TR","KEEP","institution/languageSchool","/tr/dil-okullari/ingiltere/kaplan-international-oxford/","","Root-level language-school branch (185w)"
"/st-giles-oxford/","12291","page","160","TR","KEEP","institution/languageSchool","/tr/dil-okullari/ingiltere/st-giles-oxford/","","Root-level language-school branch (160w)"
"/lsi-cambridge/","12281","page","167","TR","KEEP","institution/languageSchool","/tr/dil-okullari/ingiltere/lsi-cambridge/","","Root-level language-school branch (167w)"
"/kaplan-international/","12272","page","312","TR","REWRITE","institution/languageSchool","/tr/dil-okullari/ingiltere/kaplan-international/","","Slug is the brand name but the content is Kaplan International Cambridge specifically"
"/ec-english-cambridge/","12264","page","118","TR","KEEP","institution/languageSchool","/tr/dil-okullari/ingiltere/ec-english-cambridge/","","Root-level language-school branch (118w)"
"/st-giles-cambridge/","12255","page","170","TR","KEEP","institution/languageSchool","/tr/dil-okullari/ingiltere/st-giles-cambridge/","","Root-level language-school branch (170w)"
"/stafford-house-cambridge/","12243","page","142","TR","KEEP","institution/languageSchool","/tr/dil-okullari/ingiltere/stafford-house-cambridge/","","Root-level language-school branch (142w)"
"/edskills-language-school/","12229","page","148","TR","KEEP","institution/languageSchool","/tr/dil-okullari/amerika/edskills-language-school/","","Root-level language-school branch (148w)"
"/english-path-birmingham/","12220","page","133","TR","KEEP","institution/languageSchool","/tr/dil-okullari/ingiltere/english-path-birmingham/","","Root-level language-school branch (133w)"
"/elementor-sayfa-12208/","12208","page","174","TR","REWRITE","institution/languageSchool","/tr/dil-okullari/ingiltere/oxford-international-londra-greenwich/","","Real content (Oxford International London Greenwich, 174w) trapped behind an auto-generated Elementor slug"
"/marshall-university/","12196","page","217","TR","KEEP","institution/university","/tr/universiteler/amerika/marshall-university/","","Non-UK university profile (217w, US) sitting at the site root instead of under /universiteler/"
"/university-of-nebraska-omaha/","12190","page","245","TR","KEEP","institution/university","/tr/universiteler/amerika/university-of-nebraska-omaha/","","Non-UK university profile (245w, US) sitting at the site root instead of under /universiteler/"
"/towson-university/","12184","page","243","TR","KEEP","institution/university","/tr/universiteler/amerika/towson-university/","","Non-UK university profile (243w, US) sitting at the site root instead of under /universiteler/"
"/california-state-university-san-marcos/","12178","page","295","TR","KEEP","institution/university","/tr/universiteler/amerika/california-state-university-san-marcos/","","Non-UK university profile (295w, US) sitting at the site root instead of under /universiteler/"
"/syracuse-university/","12172","page","339","TR","KEEP","institution/university","/tr/universiteler/amerika/syracuse-university/","","Non-UK university profile (339w, US) sitting at the site root instead of under /universiteler/"
"/washington-state-university/","12155","page","269","TR","KEEP","institution/university","/tr/universiteler/amerika/washington-state-university/","","Non-UK university profile (269w, US) sitting at the site root instead of under /universiteler/"
"/university-of-oklahoma/","12149","page","378","TR","KEEP","institution/university","/tr/universiteler/amerika/university-of-oklahoma/","","Non-UK university profile (378w, US) sitting at the site root instead of under /universiteler/"
"/texas-state-university/","12137","page","318","TR","KEEP","institution/university","/tr/universiteler/amerika/texas-state-university/","","Non-UK university profile (318w, US) sitting at the site root instead of under /universiteler/"
"/southern-illinois-university-carbondale/","12122","page","390","TR","KEEP","institution/university","/tr/universiteler/amerika/southern-illinois-university-carbondale/","","Non-UK university profile (390w, US) sitting at the site root instead of under /universiteler/"
"/san-francisco-state-university/","12051","page","161","TR","KEEP","institution/university","/tr/universiteler/amerika/san-francisco-state-university/","","Non-UK university profile (161w, US) sitting at the site root instead of under /universiteler/"
"/mercy-university/","12045","page","139","TR","KEEP","institution/university","/tr/universiteler/amerika/mercy-university/","","Non-UK university profile (139w, US) sitting at the site root instead of under /universiteler/"
"/university-of-massachusetts/","12039","page","163","TR","KEEP","institution/university","/tr/universiteler/amerika/university-of-massachusetts/","","Non-UK university profile (163w, US) sitting at the site root instead of under /universiteler/"
"/western-washington-university/","12033","page","202","TR","KEEP","institution/university","/tr/universiteler/amerika/western-washington-university/","","Non-UK university profile (202w, US) sitting at the site root instead of under /universiteler/"
"/lipscomb-university/","12027","page","168","TR","KEEP","institution/university","/tr/universiteler/amerika/lipscomb-university/","","Non-UK university profile (168w, US) sitting at the site root instead of under /universiteler/"
"/texas-am-university/","12021","page","228","TR","KEEP","institution/university","/tr/universiteler/amerika/texas-a-m-university/","","Non-UK university profile (228w, US) sitting at the site root instead of under /universiteler/"
"/university-of-hartford/","12015","page","191","TR","KEEP","institution/university","/tr/universiteler/amerika/university-of-hartford/","","Non-UK university profile (191w, US) sitting at the site root instead of under /universiteler/"
"/depaul-university/","12009","page","189","TR","KEEP","institution/university","/tr/universiteler/amerika/depaul-university/","","Non-UK university profile (189w, US) sitting at the site root instead of under /universiteler/"
"/james-madison-university/","12003","page","182","TR","KEEP","institution/university","/tr/universiteler/amerika/james-madison-university/","","Non-UK university profile (182w, US) sitting at the site root instead of under /universiteler/"
"/florida-atlantic-university/","11997","page","157","TR","KEEP","institution/university","/tr/universiteler/ingiltere/florida-atlantic-university/","","Non-UK university profile (157w, GB) sitting at the site root instead of under /universiteler/"
"/simmons-university/","11991","page","151","TR","KEEP","institution/university","/tr/universiteler/amerika/simmons-university/","","Non-UK university profile (151w, US) sitting at the site root instead of under /universiteler/"
"/arizona-state-university/","11985","page","169","TR","KEEP","institution/university","/tr/universiteler/amerika/arizona-state-university/","","Non-UK university profile (169w, US) sitting at the site root instead of under /universiteler/"
"/university-of-connecticut/","11979","page","156","TR","KEEP","institution/university","/tr/universiteler/amerika/university-of-connecticut/","","Non-UK university profile (156w, US) sitting at the site root instead of under /universiteler/"
"/pace-university/","11952","page","152","TR","KEEP","institution/university","/tr/universiteler/amerika/pace-university/","","Non-UK university profile (152w, US) sitting at the site root instead of under /universiteler/"
"/dil-okullari/ingiltere-dil-okullari/","11882","page","536","TR","MERGE","","","/dil-okullari/uk/","Second UK language-school hub (536w) competing with /dil-okullari/uk/ (33w). KEEP the prose, retire the URL"
"/dil-okullari/uk/birmingham-dil-okullari/","11876","page","153","TR","KEEP","page","/tr/dil-okullari/ingiltere/birmingham/","","City landing page (153w) for UK language schools"
"/dil-okullari/uk/cambridge-dil-okullari/","11864","page","143","TR","KEEP","page","/tr/dil-okullari/ingiltere/cambridge/","","City landing page (143w) for UK language schools"
"/dil-okullari/uk/oxford-dil-okullari/","11824","page","116","TR","KEEP","page","/tr/dil-okullari/ingiltere/oxford/","","City landing page (116w) for UK language schools"
"/university-of-massachusetts-amherst/","11817","page","176","TR","KEEP","institution/university","/tr/universiteler/amerika/university-of-massachusetts-amherst/","","Non-UK university profile (176w, US) sitting at the site root instead of under /universiteler/"
"/thomas-jefferson-university/","11811","page","177","TR","KEEP","institution/university","/tr/universiteler/amerika/thomas-jefferson-university/","","Non-UK university profile (177w, US) sitting at the site root instead of under /universiteler/"
"/new-england-college/","11805","page","167","TR","KEEP","institution/university","/tr/universiteler/amerika/new-england-college/","","Non-UK university profile (167w, US) sitting at the site root instead of under /universiteler/"
"/montclair-state-university/","11799","page","193","TR","KEEP","institution/university","/tr/universiteler/amerika/montclair-state-university/","","Non-UK university profile (193w, US) sitting at the site root instead of under /universiteler/"
"/long-island-university/","11792","page","177","TR","KEEP","institution/university","/tr/universiteler/amerika/long-island-university/","","Non-UK university profile (177w, US) sitting at the site root instead of under /universiteler/"
"/fisher-college/","11786","page","156","TR","KEEP","institution/university","/tr/universiteler/amerika/fisher-college/","","Non-UK university profile (156w, US) sitting at the site root instead of under /universiteler/"
"/illinois-state-university/","11779","page","178","TR","KEEP","institution/university","/tr/universiteler/amerika/illinois-state-university/","","Non-UK university profile (178w, US) sitting at the site root instead of under /universiteler/"
"/hofstra-university/","11773","page","173","TR","KEEP","institution/university","/tr/universiteler/amerika/hofstra-university/","","Non-UK university profile (173w, US) sitting at the site root instead of under /universiteler/"
"/university-of-arizona/","11767","page","189","TR","KEEP","institution/university","/tr/universiteler/amerika/university-of-arizona/","","Non-UK university profile (189w, US) sitting at the site root instead of under /universiteler/"
"/university-of-alabama-at-birmingham/","11761","page","152","TR","KEEP","institution/university","/tr/universiteler/amerika/university-of-alabama-at-birmingham/","","Non-UK university profile (152w, US) sitting at the site root instead of under /universiteler/"
"/suffolk-university/","11755","page","151","TR","KEEP","institution/university","/tr/universiteler/amerika/suffolk-university/","","Non-UK university profile (151w, US) sitting at the site root instead of under /universiteler/"
"/saint-louis-university/","11749","page","181","TR","KEEP","institution/university","/tr/universiteler/amerika/saint-louis-university/","","Non-UK university profile (181w, US) sitting at the site root instead of under /universiteler/"
"/oregon-state-university/","11743","page","163","TR","KEEP","institution/university","/tr/universiteler/amerika/oregon-state-university/","","Non-UK university profile (163w, US) sitting at the site root instead of under /universiteler/"
"/george-mason-university/","11737","page","172","TR","KEEP","institution/university","/tr/universiteler/amerika/george-mason-university/","","Non-UK university profile (172w, US) sitting at the site root instead of under /universiteler/"
"/colorado-state-university/","11731","page","236","TR","KEEP","institution/university","/tr/universiteler/amerika/colorado-state-university/","","Non-UK university profile (236w, US) sitting at the site root instead of under /universiteler/"
"/drew-university/","11725","page","209","TR","KEEP","institution/university","/tr/universiteler/amerika/drew-university/","","Non-UK university profile (209w, US) sitting at the site root instead of under /universiteler/"
"/university-college-dublin/","11711","page","286","TR","KEEP","institution/university","/tr/universiteler/irlanda/university-college-dublin/","","Non-UK university profile (286w, IE) sitting at the site root instead of under /universiteler/"
"/massey-university/","11705","page","199","TR","KEEP","institution/university","/tr/universiteler/yeni-zelanda/massey-university/","","Non-UK university profile (199w, NZ) sitting at the site root instead of under /universiteler/"
"/university-of-alberta/","11699","page","198","TR","KEEP","institution/university","/tr/universiteler/kanada/university-of-alberta/","","Non-UK university profile (198w, CA) sitting at the site root instead of under /universiteler/"
"/university-of-victoria/","11694","page","181","TR","KEEP","institution/university","/tr/universiteler/kanada/university-of-victoria/","","Non-UK university profile (181w, CA) sitting at the site root instead of under /universiteler/"
"/university-of-newcastle/","11683","page","441","TR","KEEP","institution/university","/tr/universiteler/ingiltere/university-of-newcastle/","","Non-UK university profile (441w, GB) sitting at the site root instead of under /universiteler/"
"/university-of-adelaide/","11677","page","469","TR","KEEP","institution/university","/tr/universiteler/avustralya/university-of-adelaide/","","Non-UK university profile (469w, AU) sitting at the site root instead of under /universiteler/"
"/murdoch-university/","11671","page","409","TR","KEEP","institution/university","/tr/universiteler/avustralya/murdoch-university/","","Non-UK university profile (409w, AU) sitting at the site root instead of under /universiteler/"
"/elementor-sayfa-11663/","11663","page","384","TR","KEEP","institution/university","/tr/universiteler/avustralya/universal-higher-education/","","Non-UK university profile (384w, AU) sitting at the site root instead of under /universiteler/"
"/university-of-notre-dame/","11651","page","363","TR","KEEP","institution/university","/tr/universiteler/ingiltere/the-university-of-notre-dame/","","Non-UK university profile (363w, GB) sitting at the site root instead of under /universiteler/"
"/elementor-sayfa-11642/","11642","page","325","TR","KEEP","institution/university","/tr/universiteler/avustralya/university-of-western-australia/","","Non-UK university profile (325w, AU) sitting at the site root instead of under /universiteler/"
"/dil-okullari/ec-english-dublin/","10063","page","138","TR","KEEP","languageSchool","/tr/dil-okullari/ec-english-dublin/","","Provider/brand overview page (138w) - becomes a languageSchool ""brand"" record with child branches"
"/dil-okullari/uk/oxford-international-college/","11003","page","164","TR","REWRITE","institution/languageSchool","/tr/dil-okullari/ingiltere/oxford-international-college/","","Boarding-school content mis-filed under language schools; 3-way duplicate with the two /yatili-okullar2/ OIC pages"
"/universiteler/colorado-state-university/","10686","page","98","EN","MERGE","","","/colorado-state-university/","98w English legacy-template version of the 236w Turkish root page; same institution"
"/my-account/","10645","page","1","EMPTY/STUB","DROP-410","","","","WooCommerce account page (plugin artefact, [woocommerce_my_account] only)"
"/checkout/","10644","page","0","EMPTY/STUB","DROP-410","","","","WooCommerce checkout page (plugin artefact, 0 words)"
"/cart/","10643","page","13","EMPTY/STUB","DROP-410","","","","WooCommerce cart page (plugin artefact, 13 words, live 200)"
"/yatili-okullar2/bosworth-independent-school/","10609","page","275","TR","KEEP","institution/boardingSchool","/tr/yatili-okullar/bosworth-independent-school/","","Boarding school (275w). Extractable: fees=true programmes=true accommodation=true"
"/yatili-okullar2/north-bridge-house-school/","10554","page","301","TR","KEEP","institution/boardingSchool","/tr/yatili-okullar/north-bridge-house-school/","","Boarding school (301w). Extractable: fees=true programmes=true accommodation=true"
"/yatili-okullar2/oxford-international-college-brighton/","10537","page","313","TR","KEEP","institution/boardingSchool","/tr/yatili-okullar/oxford-international-college-brighton/","","Boarding school (313w). Extractable: fees=true programmes=true accommodation=true"
"/dil-okullari/ireland/english-path-dublin-2/","10498","page","645","EN","KEEP","institution/languageSchool","/tr/dil-okullari/irlanda/english-path-dublin/","","Language-school branch page (645w, EN)"
"/dil-okullari/uk/brighton-dil-okullari/","10335","page","156","TR","KEEP","page","/tr/dil-okullari/ingiltere/brighton/","","City landing page (156w) for UK language schools"
"/dil-okullari/amerika-dil-okullari/ec-english-school-in-san-francisco/","10414","page","260","EN","KEEP","institution/languageSchool","/tr/dil-okullari/amerika/ec-english-school-in-san-francisco/","","Language-school branch page (260w, EN)"
"/dil-okullari/amerika-dil-okullari/ec-english-school-in-san-diego/","10409","page","278","EN","KEEP","institution/languageSchool","/tr/dil-okullari/amerika/ec-english-school-in-san-diego/","","Language-school branch page (278w, EN)"
"/dil-okullari/amerika-dil-okullari/ec-english-new-york/","10404","page","294","TR","KEEP","institution/languageSchool","/tr/dil-okullari/amerika/ec-english-new-york/","","Language-school branch page (294w, TR)"
"/dil-okullari/amerika-dil-okullari/ec-english-los-angeles/","10399","page","339","EN","KEEP","institution/languageSchool","/tr/dil-okullari/amerika/ec-english-los-angeles/","","Language-school branch page (339w, EN)"
"/dil-okullari/amerika-dil-okullari/ec-english-school-in-boston/","10394","page","341","EN","KEEP","institution/languageSchool","/tr/dil-okullari/amerika/ec-english-school-in-boston/","","Language-school branch page (341w, EN)"
"/dil-okullari/amerika-dil-okullari/lsi-san-francisco-berkeley/","10389","page","318","EN","KEEP","institution/languageSchool","/tr/dil-okullari/amerika/lsi-san-francisco-berkeley/","","Language-school branch page (318w, EN)"
"/dil-okullari/amerika-dil-okullari/lsi-san-diego/","10384","page","275","EN","KEEP","institution/languageSchool","/tr/dil-okullari/amerika/lsi-san-diego/","","Language-school branch page (275w, EN)"
"/dil-okullari/amerika-dil-okullari/lsi-new-york/","10379","page","250","TR","KEEP","institution/languageSchool","/tr/dil-okullari/amerika/lsi-new-york/","","Language-school branch page (250w, TR)"
"/dil-okullari/amerika-dil-okullari/lsi-boston/","10374","page","172","EN","KEEP","institution/languageSchool","/tr/dil-okullari/amerika/lsi-boston/","","Language-school branch page (172w, EN)"
"/dil-okullari/amerika-dil-okullari/kaplan-international-new-york/","10369","page","401","TR","KEEP","institution/languageSchool","/tr/dil-okullari/amerika/kaplan-international-new-york/","","Language-school branch page (401w, TR)"
"/dil-okullari/amerika-dil-okullari/kaplan-international-los-angeles/","10364","page","364","EN","KEEP","institution/languageSchool","/tr/dil-okullari/amerika/kaplan-international-los-angeles/","","Language-school branch page (364w, EN)"
"/dil-okullari/amerika-dil-okullari/kaplan-international-chicago/","10354","page","210","EN","KEEP","institution/languageSchool","/tr/dil-okullari/amerika/kaplan-international-chicago/","","Language-school branch page (210w, EN)"
"/dil-okullari/amerika-dil-okullari/","10355","page","654","TR","KEEP","page","/tr/dil-okullari/amerika/","","Country landing page for language schools in US (654w)"
"/dil-okullari/amerika-dil-okullari/kaplan-international-boston/","10347","page","185","EN","KEEP","institution/languageSchool","/tr/dil-okullari/amerika/kaplan-international-boston/","","Language-school branch page (185w, EN)"
"/dil-okullari/uk/londra/","10329","page","19","EN","MERGE","","","/dil-okullari/uk/londra-dil-okullari/","19-word link stub, same title ""Londra"" as the 167w city hub"
"/dil-okullari/uk/manchester-dil-okullari/","10339","page","154","TR","KEEP","page","/tr/dil-okullari/ingiltere/manchester/","","City landing page (154w) for UK language schools"
"/dil-okullari/kanada-dil-okullari/lsi-international-vancouver/","10164","page","215","TR","KEEP","institution/languageSchool","/tr/dil-okullari/kanada/lsi-international-vancouver/","","Language-school branch page (215w, TR)"
"/dil-okullari/kanada-dil-okullari/st-giles-international-vancouver/","10162","page","155","TR","KEEP","institution/languageSchool","/tr/dil-okullari/kanada/st-giles-vancouver/","","Language-school branch page (155w, TR)"
"/dil-okullari/kanada-dil-okullari/englishpath-in-toronto/","10160","page","356","EN","KEEP","institution/languageSchool","/tr/dil-okullari/kanada/englishpath-in-toronto/","","Language-school branch page (356w, EN)"
"/dil-okullari/kanada-dil-okullari/ec-montreal/","10158","page","155","EN","KEEP","institution/languageSchool","/tr/dil-okullari/kanada/ec-montreal/","","Language-school branch page (155w, EN)"
"/dil-okullari/kanada-dil-okullari/kaplan-international-toronto/","10156","page","120","EN","KEEP","institution/languageSchool","/tr/dil-okullari/kanada/kaplan-international-toronto/","","Language-school branch page (120w, EN)"
"/dil-okullari/kanada-dil-okullari/kaplan-international-vancouver/","10151","page","176","TR","KEEP","institution/languageSchool","/tr/dil-okullari/kanada/kaplan-international-vancouver/","","Language-school branch page (176w, TR)"
"/dil-okullari/malta-dil-okullari/ec-malta/","10152","page","211","TR","KEEP","institution/languageSchool","/tr/dil-okullari/malta/ec-malta/","","Language-school branch page (211w, TR)"
"/dil-okullari/new-zeland/lsi-auckland/","10149","page","147","EN","KEEP","institution/languageSchool","/tr/dil-okullari/yeni-zelanda/lsi-auckland/","","Language-school branch page (147w, EN)"
"/dil-okullari/south-africa/ec-cape-town/","10147","page","179","EN","KEEP","institution/languageSchool","/tr/dil-okullari/guney-afrika/ec-cape-town/","","Language-school branch page (179w, EN)"
"/dil-okullari/avustralya-dil-okullari/lsi-brisbane/","10145","page","123","TR","KEEP","institution/languageSchool","/tr/dil-okullari/avustralya/lsi-brisbane/","","Language-school branch page (123w, TR)"
"/dil-okullari/uk/english-path-manchester/","10143","page","161","TR","KEEP","institution/languageSchool","/tr/dil-okullari/ingiltere/english-path-manchester/","","Language-school branch page (161w, TR)"
"/dil-okullari/uk/ec-english-manchester/","10141","page","196","TR","KEEP","institution/languageSchool","/tr/dil-okullari/ingiltere/ec-english-manchester/","","Language-school branch page (196w, TR)"
"/dil-okullari/uk/kaplan-international-manchester/","10139","page","199","TR","KEEP","institution/languageSchool","/tr/dil-okullari/ingiltere/kaplan-international-manchester/","","Language-school branch page (199w, TR)"
"/dil-okullari/uk/ec-english-learn-english-in-brighton/","10137","page","201","TR","KEEP","institution/languageSchool","/tr/dil-okullari/ingiltere/ec-english-learn-english-in-brighton-uk/","","Language-school branch page (201w, TR)"
"/dil-okullari/uk/lsi-brighton-learn-english-in-brighton/","10135","page","185","TR","KEEP","institution/languageSchool","/tr/dil-okullari/ingiltere/lsi-brighton-learn-english-in-brighton-england/","","Language-school branch page (185w, TR)"
"/dil-okullari/uk/st-giles-international-english-language-courses-in-brighton/","10133","page","229","TR","KEEP","institution/languageSchool","/tr/dil-okullari/ingiltere/st-giles/","","Language-school branch page (229w, TR)"
"/dil-okullari/ireland/twin-english-centre-dublin/","10131","page","92","EN","KEEP","institution/languageSchool","/tr/dil-okullari/irlanda/twin-english-centre-dublin/","","Language-school branch page (92w, EN)"
"/dil-okullari/ireland/english-path-dublin/","10129","page","142","TR","MERGE","","","/dil-okullari/ireland/english-path-dublin-2/","142w TR stub vs 645w EN ""-2"" twin, same institution and same title"
"/dil-okullari/ireland/kaplan-international-in-dublin/","10116","page","174","TR","KEEP","institution/languageSchool","/tr/dil-okullari/irlanda/kaplan-international-in-dublin/","","Language-school branch page (174w, TR)"
"/dil-okullari/avustralya-dil-okullari/","10114","page","520","TR","KEEP","page","/tr/dil-okullari/avustralya/","","Country landing page for language schools in AU (520w)"
"/dil-okullari/south-africa/","10112","page","4","EMPTY/STUB","REWRITE","page","/tr/dil-okullari/guney-afrika/","","4-word link stub for a whole country"
"/dil-okullari/new-zeland/","10110","page","2","EMPTY/STUB","REWRITE","page","/tr/dil-okullari/yeni-zelanda/","","2-word link stub; slug also misspelt (""new-zeland"")"
"/dil-okullari/malta-dil-okullari/","10108","page","425","TR","KEEP","page","/tr/dil-okullari/malta/","","Country landing page for language schools in MT (425w)"
"/dil-okullari/kanada-dil-okullari/","10106","page","403","TR","KEEP","page","/tr/dil-okullari/kanada/","","Country landing page for language schools in CA (403w)"
"/dil-okullari/uk/","10104","page","33","EN","REWRITE","page","/tr/dil-okullari/ingiltere/","","33-word link stub for the most important market on the site"
"/dil-okullari/ireland/","10102","page","10","EMPTY/STUB","REWRITE","page","/tr/dil-okullari/irlanda/","","10-word link stub for a whole country"
"/policy/","9972","page","344","TR","REWRITE","legalPage","/tr/gizlilik-politikasi/","","Privacy policy body pastes the Companies House URL (find-and-update.company-information.service.gov.uk/company/11331426) where the website URL should be; no cookie/GDPR/UK-DPA sections"
"/anasayfa/iletisim-2/","9899","page","81","EN","MERGE","","","/anasayfa/iletisim/","English twin of the contact page; becomes the seed for /en/contact/ (contains ""Address will be added here"" placeholder)"
"/thanks/","9871","page","11","EMPTY/STUB","DROP-410","","","","Form thank-you page, 11 words; the 3 tour PDFs it links (england-tour.pdf, Europe-Tour-Disneyland-.pdf, Italy-Tour-.pdf, all live 200) must be re-hosted before this URL dies"
"/anasayfa/price/","9853","page","0","EMPTY/STUB","DROP-410","","","","Eduma theme demo pricing page (0 words)"
"/salesforce/","9562","page","290","MIXED","DROP-301","","/tr/iletisim/","","Legacy Salesforce Web-to-Lead form page; the 6 ""APPLY NOW"" buttons that point here are replaced by the new enquiry form on the contact page"
"/anasayfa/price-disc/","9484","page","0","EMPTY/STUB","DROP-410","","","","Eduma theme demo pricing page (0 words)"
"/universiteler/st-georges-university-of-london/","8918","page","176","TR","KEEP","institution/university","/tr/universiteler/ingiltere/st-georges-university-of-london/","","UK university profile (176w). Extractable: city=true ranking=false founded=true departments=true logo=false"
"/universiteler/goldsmiths-university-of-london-2/","8906","page","135","TR","KEEP","institution/university","/tr/universiteler/ingiltere/goldsmiths-university-of-london/","","UK university profile (135w). Extractable: city=true ranking=true founded=true departments=true logo=false"
"/universiteler/royal-veterinary-college/","8889","page","172","TR","KEEP","institution/university","/tr/universiteler/ingiltere/royal-veterinary-college/","","UK university profile (172w). Extractable: city=true ranking=false founded=true departments=true logo=false"
"/universiteler/birkbeck-university-of-london-2/","8880","page","156","TR","KEEP","institution/university","/tr/universiteler/ingiltere/birkbeck-university-of-london/","","UK university profile (156w). Extractable: city=true ranking=true founded=true departments=false logo=false"
"/universiteler/university-of-nicosia-2/","8871","page","23","EN","REWRITE","institution/university","/tr/universiteler/kibris/university-of-nicosia/","","23 words, legacy English template husk; also not a UK institution"
"/universiteler/st-georges-university-of-grenada/","8862","page","24","EN","REWRITE","institution/university","/tr/universiteler/grenada/st-georges-university-of-grenada/","","24 words, legacy English template husk; not a UK institution"
"/universiteler/royal-college-of-surgeons-2/","8853","page","132","TR","KEEP","institution/university","/tr/universiteler/ingiltere/royal-college-of-surgeons/","","UK university profile (132w). Extractable: city=true ranking=false founded=true departments=true logo=true"
"/universiteler/university-of-central-lancashire-uclan-2/","8844","page","220","TR","KEEP","institution/university","/tr/universiteler/ingiltere/university-of-central-lancashire-uclan/","","UK university profile (220w). Extractable: city=true ranking=true founded=true departments=true logo=false"
"/universiteler/aston-university-2/","8835","page","218","TR","KEEP","institution/university","/tr/universiteler/ingiltere/aston-university/","","UK university profile (218w). Extractable: city=true ranking=true founded=true departments=true logo=false"
"/universiteler/university-of-southampton-2/","8826","page","223","TR","KEEP","institution/university","/tr/universiteler/ingiltere/university-of-southampton/","","UK university profile (223w). Extractable: city=true ranking=true founded=true departments=true logo=false"
"/universiteler/university-of-sunderland-2/","8817","page","192","TR","KEEP","institution/university","/tr/universiteler/ingiltere/university-of-sunderland/","","UK university profile (192w). Extractable: city=true ranking=false founded=true departments=true logo=true"
"/universiteler/henley-business-school-2/","8808","page","140","TR","KEEP","institution/university","/tr/universiteler/ingiltere/henley-business-school/","","UK university profile (140w). Extractable: city=true ranking=false founded=true departments=true logo=true"
"/universiteler/university-of-reading-2/","8799","page","171","TR","KEEP","institution/university","/tr/universiteler/ingiltere/university-of-reading/","","UK university profile (171w). Extractable: city=true ranking=false founded=true departments=true logo=true"
"/universiteler/london-south-bank-university/","8790","page","145","TR","KEEP","institution/university","/tr/universiteler/ingiltere/london-south-bank-university/","","UK university profile (145w). Extractable: city=true ranking=true founded=true departments=true logo=true"
"/universiteler/university-of-hull-2/","8781","page","139","TR","KEEP","institution/university","/tr/universiteler/ingiltere/university-of-hull/","","UK university profile (139w). Extractable: city=true ranking=true founded=true departments=true logo=true"
"/universiteler/loughborough-university-2/","8772","page","173","TR","KEEP","institution/university","/tr/universiteler/ingiltere/loughborough-university/","","UK university profile (173w). Extractable: city=true ranking=true founded=true departments=true logo=true"
"/universiteler/uwe-bristol-2/","8757","page","152","TR","KEEP","institution/university","/tr/universiteler/ingiltere/uwe-bristol/","","UK university profile (152w). Extractable: city=true ranking=false founded=true departments=true logo=true"
"/universiteler/university-of-birmingham-2/","8748","page","224","TR","KEEP","institution/university","/tr/universiteler/ingiltere/university-of-birmingham/","","UK university profile (224w). Extractable: city=true ranking=true founded=true departments=true logo=true"
"/universiteler/queen-mary-university/","8739","page","223","TR","KEEP","institution/university","/tr/universiteler/ingiltere/queen-mary-university/","","UK university profile (223w). Extractable: city=true ranking=true founded=true departments=true logo=true"
"/universiteler/tedi-london-2/","8730","page","137","TR","KEEP","institution/university","/tr/universiteler/ingiltere/tedi-london/","","UK university profile (137w). Extractable: city=false ranking=false founded=false departments=true logo=true"
"/universiteler/university-of-bristol-2/","8715","page","192","TR","KEEP","institution/university","/tr/universiteler/ingiltere/university-of-bristol/","","UK university profile (192w). Extractable: city=true ranking=true founded=true departments=true logo=true"
"/universiteler/university-of-essex-2/","8706","page","133","TR","KEEP","institution/university","/tr/universiteler/ingiltere/university-of-essex/","","UK university profile (133w). Extractable: city=true ranking=true founded=true departments=true logo=true"
"/universiteler/university-of-brighton-2/","8697","page","191","TR","KEEP","institution/university","/tr/universiteler/ingiltere/university-of-brighton/","","UK university profile (191w). Extractable: city=true ranking=true founded=true departments=true logo=true"
"/universiteler/nottingham-trent-university-2/","8688","page","158","TR","KEEP","institution/university","/tr/universiteler/ingiltere/nottingham-trent-university/","","UK university profile (158w). Extractable: city=true ranking=true founded=true departments=true logo=true"
"/universiteler/university-of-nottingham/","8679","page","123","TR","KEEP","institution/university","/tr/universiteler/ingiltere/university-of-nottingham/","","UK university profile (123w). Extractable: city=true ranking=true founded=true departments=true logo=true"
"/universiteler/university-of-glasgow-2/","8670","page","175","TR","KEEP","institution/university","/tr/universiteler/ingiltere/university-of-glasgow/","","UK university profile (175w). Extractable: city=true ranking=true founded=true departments=true logo=true"
"/universiteler/bournemouth-university-2/","8661","page","221","TR","KEEP","institution/university","/tr/universiteler/ingiltere/bournemouth-university/","","UK university profile (221w). Extractable: city=true ranking=true founded=true departments=true logo=true"
"/universiteler/university-of-westminster/","8652","page","206","TR","KEEP","institution/university","/tr/universiteler/ingiltere/university-of-westminster/","","UK university profile (206w). Extractable: city=true ranking=true founded=true departments=true logo=true"
"/universiteler/university-of-liverpool/","8643","page","190","TR","KEEP","institution/university","/tr/universiteler/ingiltere/university-of-liverpool/","","UK university profile (190w). Extractable: city=true ranking=true founded=true departments=true logo=true"
"/universiteler/university-of-york/","8634","page","233","TR","KEEP","institution/university","/tr/universiteler/ingiltere/university-of-york/","","UK university profile (233w). Extractable: city=true ranking=true founded=true departments=true logo=true"
"/universiteler/university-of-south-wales/","8622","page","190","TR","KEEP","institution/university","/tr/universiteler/ingiltere/university-of-south-wales/","","UK university profile (190w). Extractable: city=true ranking=false founded=true departments=true logo=true"
"/universiteler/northumbria-university-2/","8613","page","132","TR","KEEP","institution/university","/tr/universiteler/ingiltere/northumbria-university/","","UK university profile (132w). Extractable: city=true ranking=true founded=true departments=true logo=true"
"/universiteler/university-of-roehampton-2/","8604","page","151","TR","KEEP","institution/university","/tr/universiteler/ingiltere/university-of-roehampton/","","UK university profile (151w). Extractable: city=true ranking=false founded=true departments=true logo=true"
"/universiteler/solent-university-2/","8595","page","215","TR","KEEP","institution/university","/tr/universiteler/ingiltere/solent-university/","","UK university profile (215w). Extractable: city=true ranking=true founded=true departments=true logo=true"
"/universiteler/teesside-university/","8586","page","208","TR","KEEP","institution/university","/tr/universiteler/ingiltere/teesside-university/","","UK university profile (208w). Extractable: city=true ranking=true founded=true departments=true logo=true"
"/universiteler/royal-holloway-university-2/","8577","page","222","TR","KEEP","institution/university","/tr/universiteler/ingiltere/royal-holloway-university/","","UK university profile (222w). Extractable: city=true ranking=true founded=true departments=true logo=true"
"/universiteler/university-of-strathclyde/","8568","page","118","TR","KEEP","institution/university","/tr/universiteler/ingiltere/university-of-strathclyde/","","UK university profile (118w). Extractable: city=true ranking=true founded=true departments=true logo=true"
"/universiteler/dublin-international-study-centre-2/","8551","page","25","EN","REWRITE","institution/university","/tr/universiteler/irlanda/dublin-international-study-centre/","","25 words, legacy English template husk; Irish, mis-filed under UK universities"
"/universiteler/cardiff-university-2/","8550","page","142","TR","KEEP","institution/university","/tr/universiteler/ingiltere/cardiff-university/","","UK university profile (142w). Extractable: city=true ranking=true founded=true departments=true logo=true"
"/universiteler/university-of-aberdeen-2/","8541","page","202","TR","KEEP","institution/university","/tr/universiteler/ingiltere/university-of-aberdeen/","","UK university profile (202w). Extractable: city=true ranking=true founded=true departments=true logo=true"
"/universiteler/liverpool-john-moores-university-2/","8532","page","103","TR","KEEP","institution/university","/tr/universiteler/ingiltere/liverpool-john-moores-university/","","UK university profile (103w). Extractable: city=true ranking=true founded=true departments=true logo=true"
"/universiteler/leeds-beckett-university-2/","8523","page","202","TR","KEEP","institution/university","/tr/universiteler/ingiltere/leeds-beckett-university/","","UK university profile (202w). Extractable: city=true ranking=true founded=true departments=true logo=true"
"/universiteler/university-of-leeds/","8514","page","187","TR","KEEP","institution/university","/tr/universiteler/ingiltere/university-of-leeds/","","UK university profile (187w). Extractable: city=true ranking=true founded=true departments=true logo=true"
"/universiteler/kingston-university-2/","8505","page","151","TR","KEEP","institution/university","/tr/universiteler/ingiltere/kingston-university/","","UK university profile (151w). Extractable: city=true ranking=true founded=true departments=true logo=true"
"/universiteler/university-of-sheffield/","8496","page","136","TR","KEEP","institution/university","/tr/universiteler/ingiltere/university-of-sheffield/","","UK university profile (136w). Extractable: city=true ranking=true founded=true departments=true logo=false"
"/universiteler/university-of-huddersfield/","8487","page","167","TR","KEEP","institution/university","/tr/universiteler/ingiltere/university-of-huddersfield/","","UK university profile (167w). Extractable: city=true ranking=true founded=true departments=true logo=true"
"/universiteler/durham-university-2/","8478","page","157","TR","KEEP","institution/university","/tr/universiteler/ingiltere/durham-university/","","UK university profile (157w). Extractable: city=true ranking=true founded=true departments=true logo=true"
"/universiteler/university-of-surrey-2/","8469","page","135","TR","KEEP","institution/university","/tr/universiteler/ingiltere/university-of-surrey/","","UK university profile (135w). Extractable: city=true ranking=true founded=true departments=true logo=true"
"/universiteler/university-of-sussex-2/","8460","page","268","TR","KEEP","institution/university","/tr/universiteler/ingiltere/university-of-sussex/","","UK university profile (268w). Extractable: city=true ranking=true founded=true departments=true logo=true"
"/universiteler/bangor-university-2/","8442","page","201","TR","KEEP","institution/university","/tr/universiteler/ingiltere/bangor-university/","","UK university profile (201w). Extractable: city=true ranking=true founded=true departments=true logo=true"
"/universiteler/edinburgh-napier-university-2/","8433","page","167","TR","KEEP","institution/university","/tr/universiteler/ingiltere/edinburgh-napier-university/","","UK university profile (167w). Extractable: city=true ranking=false founded=true departments=true logo=false"
"/universiteler/university-of-bradford-2/","8421","page","151","TR","KEEP","institution/university","/tr/universiteler/ingiltere/university-of-bradford/","","UK university profile (151w). Extractable: city=true ranking=true founded=true departments=true logo=true"
"/universiteler/university-of-dundee/","8400","page","121","TR","KEEP","institution/university","/tr/universiteler/ingiltere/university-of-dundee/","","UK university profile (121w). Extractable: city=true ranking=true founded=true departments=true logo=true"
"/universiteler/de-montfort-university-2/","8399","page","128","TR","KEEP","institution/university","/tr/universiteler/ingiltere/de-montfort-university/","","UK university profile (128w). Extractable: city=true ranking=true founded=true departments=true logo=true"
"/universiteler/university-of-greenwich/","8389","page","178","TR","KEEP","institution/university","/tr/universiteler/ingiltere/university-of-greenwich/","","UK university profile (178w). Extractable: city=true ranking=true founded=true departments=false logo=true"
"/universiteler/university-of-manchester/","8380","page","190","TR","KEEP","institution/university","/tr/universiteler/ingiltere/university-of-manchester/","","UK university profile (190w). Extractable: city=true ranking=true founded=true departments=true logo=true"
"/universiteler/city-university-of-london/","8371","page","156","TR","KEEP","institution/university","/tr/universiteler/ingiltere/city-university-of-london/","","UK university profile (156w). Extractable: city=true ranking=true founded=true departments=false logo=true"
"/universiteler/newcastle-university/","8362","page","163","TR","KEEP","institution/university","/tr/universiteler/ingiltere/newcastle-university/","","UK university profile (163w). Extractable: city=true ranking=true founded=true departments=true logo=true"
"/universiteler/university-of-exeter-2/","8353","page","206","TR","KEEP","institution/university","/tr/universiteler/ingiltere/university-of-exeter/","","UK university profile (206w). Extractable: city=true ranking=true founded=true departments=true logo=true"
"/universiteler/queens-university-belfast/","8344","page","163","TR","KEEP","institution/university","/tr/universiteler/ingiltere/queens-university-belfast/","","UK university profile (163w). Extractable: city=true ranking=true founded=true departments=true logo=true"
"/universiteler/university-of-east-anglia/","8332","page","199","TR","KEEP","institution/university","/tr/universiteler/ingiltere/university-of-east-anglia/","","UK university profile (199w). Extractable: city=true ranking=true founded=true departments=false logo=true"
"/universiteler/university-of-stirling-2/","8323","page","165","TR","KEEP","institution/university","/tr/universiteler/ingiltere/university-of-stirling/","","UK university profile (165w). Extractable: city=true ranking=true founded=true departments=true logo=true"
"/universiteler/manchester-metropolitan-university-2/","8254","page","165","TR","REWRITE","institution/university","/tr/universiteler/ingiltere/manchester-metropolitan-university/","","Body text is 92% contained in the University of Manchester page - wrong institution described"
"/universiteler/university-of-hertfordshire/","7456","page","150","TR","KEEP","institution/university","/tr/universiteler/ingiltere/university-of-hertfordshire/","","UK university profile (150w). Extractable: city=true ranking=true founded=true departments=true logo=true"
"/universiteler/university-of-portsmouth-2/","7448","page","23","EN","REWRITE","institution/university","/tr/universiteler/ingiltere/university-of-portsmouth/","","23 words, legacy English template husk (Jaccard 0.50 with Birmingham City)"
"/universiteler/robert-gordon-university/","7440","page","188","TR","KEEP","institution/university","/tr/universiteler/ingiltere/robert-gordon-university/","","UK university profile (188w). Extractable: city=true ranking=true founded=true departments=true logo=true"
"/universiteler/swansea-university/","7432","page","190","TR","KEEP","institution/university","/tr/universiteler/ingiltere/swansea-university/","","UK university profile (190w). Extractable: city=true ranking=true founded=true departments=true logo=true"
"/universiteler/brunel-university/","7424","page","189","TR","KEEP","institution/university","/tr/universiteler/ingiltere/brunel-university/","","UK university profile (189w). Extractable: city=true ranking=true founded=true departments=true logo=true"
"/universiteler/plymouth-university/","7419","page","208","TR","KEEP","institution/university","/tr/universiteler/ingiltere/plymouth-university/","","UK university profile (208w). Extractable: city=true ranking=true founded=true departments=true logo=true"
"/universiteler/university-of-northampton/","7414","page","194","TR","KEEP","institution/university","/tr/universiteler/ingiltere/university-of-northampton/","","UK university profile (194w). Extractable: city=true ranking=true founded=true departments=true logo=true"
"/universiteler/keele-university/","7409","page","148","TR","KEEP","institution/university","/tr/universiteler/ingiltere/keele-university/","","UK university profile (148w). Extractable: city=true ranking=true founded=true departments=true logo=true"
"/universiteler/university-academy-92/","7401","page","199","TR","KEEP","institution/university","/tr/universiteler/ingiltere/university-academy-92/","","UK university profile (199w). Extractable: city=true ranking=false founded=true departments=true logo=true"
"/universiteler/leicester-university/","7396","page","173","TR","KEEP","institution/university","/tr/universiteler/ingiltere/leicester-university/","","UK university profile (173w). Extractable: city=true ranking=true founded=true departments=true logo=true"
"/universiteler/anglia-ruskin-university/","7391","page","170","TR","KEEP","institution/university","/tr/universiteler/ingiltere/anglia-ruskin-university/","","UK university profile (170w). Extractable: city=true ranking=true founded=true departments=true logo=true"
"/universiteler/birmingham-city-university/","7383","page","21","EN","REWRITE","institution/university","/tr/universiteler/ingiltere/birmingham-city-university/","","21 words, legacy ""Address/Prices/IELTS + APPLY NOW"" template, English only"
"/universiteler/","7342","page","221","EN","KEEP","institution/university","/tr/universiteler/ingiltere/universiteler/","","Non-UK university profile (221w, GB) sitting at the site root instead of under /universiteler/"
"/yaz-okullari/grup-yaz-okullari/islington-centre-for-english/","7288","page","58","EN","MERGE","","","/dil-okullari/islington-centrefor-english/","58w English spec-card duplicating the 150w Turkish Islington page"
"/yaz-okullari/grup-yaz-okullari/oxford-house-college/","7277","page","53","EN","REWRITE","summerProgramme","/tr/yaz-okullari/oxford-house-college/","","53-word English spec-card, no prose"
"/yaz-okullari/grup-yaz-okullari/guildhouse-school-london2/","7262","page","53","EN","MERGE","","","/yaz-okullari/bireysel-yaz-okullari/guildhouse-school-london/","53w English spec-card duplicating the 208w Turkish Guildhouse page"
"/yaz-okullari/grup-yaz-okullari/cambridge-chesterton/","7251","page","45","EN","REWRITE","summerProgramme","/tr/yaz-okullari/cambridge-chesterton/","","45-word English spec-card, no prose; city name misspelt ""Chercheston"" on the parent hub"
"/yaz-okullari/grup-yaz-okullari/university-college-london/","7241","page","35","EMPTY/STUB","MERGE","","","/university-college-london/","35w English spec-card; the 179w Turkish root page covers the same UCL summer programme"
"/yaz-okullari/grup-yaz-okullari/bath/","7227","page","32","EMPTY/STUB","REWRITE","summerProgramme","/tr/yaz-okullari/bath/","","32-word English spec-card, no prose"
"/yaz-okullari/grup-yaz-okullari/kingston-london/","7210","page","138","TR","KEEP","summerProgramme","/tr/yaz-okullari/kingston-london/","","Summer programme (138w). Extractable: dates=true ageRange=true lessons/wk=- groupSize=false"
"/yaz-okullari/grup-yaz-okullari/uxbridge-london/","7199","page","151","TR","KEEP","summerProgramme","/tr/yaz-okullari/uxbridge-london/","","Summer programme (151w). Extractable: dates=true ageRange=true lessons/wk=- groupSize=true"
"/yaz-okullari/grup-yaz-okullari/london-kings-college/","7193","page","175","TR","MERGE","","","/london-kings-college/","175w vs 181w near-identical KCL summer programme; root version carries the price"
"/yaz-okullari/grup-yaz-okullari/windsor/","7165","page","171","TR","KEEP","summerProgramme","/tr/yaz-okullari/windsor/","","Summer programme (171w). Extractable: dates=false ageRange=false lessons/wk=- groupSize=false"
"/yaz-okullari/grup-yaz-okullari/queen-mary-university-of-london/","7138","page","145","TR","KEEP","summerProgramme","/tr/yaz-okullari/queen-mary-university-of-london/","","Summer programme (145w). Extractable: dates=true ageRange=true lessons/wk=15 groupSize=true"
"/yaz-okullari/grup-yaz-okullari/university-of-chester/","7105","page","228","TR","KEEP","summerProgramme","/tr/yaz-okullari/university-of-chester/","","Summer programme (228w). Extractable: dates=false ageRange=false lessons/wk=15 groupSize=false"
"/yaz-okullari/grup-yaz-okullari/london-ucfb-wembley/","7093","page","198","TR","KEEP","summerProgramme","/tr/yaz-okullari/london-ucfb-wembley/","","Summer programme (198w). Extractable: dates=false ageRange=false lessons/wk=15 groupSize=false"
"/yaz-okullari/bireysel-yaz-okullari/ep-london-stratford-2/","7080","page","203","TR","KEEP","summerProgramme","/tr/yaz-okullari/ep-london-stratford/","","Summer programme (203w). Extractable: dates=false ageRange=false lessons/wk=20 groupSize=false"
"/yaz-okullari/bireysel-yaz-okullari/lsi-london-hampstead/","7070","page","219","TR","KEEP","summerProgramme","/tr/yaz-okullari/lsi-london-hampstead/","","Summer programme (219w). Extractable: dates=false ageRange=false lessons/wk=20 groupSize=false"
"/yaz-okullari/bireysel-yaz-okullari/st-giles-london-central/","7057","page","226","TR","KEEP","summerProgramme","/tr/yaz-okullari/st-giles-london-central/","","Summer programme (226w). Extractable: dates=false ageRange=false lessons/wk=17 groupSize=false"
"/yaz-okullari/bireysel-yaz-okullari/guildhouse-school-london/","7039","page","208","TR","KEEP","summerProgramme","/tr/yaz-okullari/guildhouse-school-london/","","Summer programme (208w). Extractable: dates=false ageRange=false lessons/wk=15 groupSize=false"
"/yaz-okullari/bireysel-yaz-okullari/cats-cambridge/","7027","page","44","EN","REWRITE","summerProgramme","/tr/yaz-okullari/cats-cambridge/","","44-word English spec-card for a CATS Cambridge summer programme; the 355w /yatili-okullar2/cats-cambridge-2/ page is the boarding-school record, a different product - do not merge them"
"/yaz-okullari/bireysel-yaz-okullari/twin-edinburgh-2/","7011","page","204","TR","KEEP","summerProgramme","/tr/yaz-okullari/twin-edinburgh/","","Summer programme (204w). Extractable: dates=false ageRange=false lessons/wk=15 groupSize=false"
"/yaz-okullari/bireysel-yaz-okullari/twin-london-docklands/","7001","page","207","TR","KEEP","summerProgramme","/tr/yaz-okullari/twin-london-docklands/","","Summer programme (207w). Extractable: dates=false ageRange=false lessons/wk=15 groupSize=false"
"/yaz-okullari/bireysel-yaz-okullari/sir-edward-kings-ely/","6991","page","226","TR","KEEP","summerProgramme","/tr/yaz-okullari/sir-edward-kings-ely/","","Summer programme (226w). Extractable: dates=false ageRange=false lessons/wk=15 groupSize=false"
"/yatili-okullar2/mill-hill-school-2/","6977","page","365","TR","KEEP","institution/boardingSchool","/tr/yatili-okullar/mill-hill-school/","","Boarding school (365w). Extractable: fees=true programmes=true accommodation=true"
"/yatili-okullar2/david-game-college-2/","6962","page","398","TR","KEEP","institution/boardingSchool","/tr/yatili-okullar/david-game-college/","","Boarding school (398w). Extractable: fees=true programmes=true accommodation=true"
"/yatili-okullar2/hendon-prep-school-2/","6950","page","424","TR","KEEP","institution/boardingSchool","/tr/yatili-okullar/hendon-prep-school/","","Boarding school (424w). Extractable: fees=true programmes=true accommodation=true"
"/yatili-okullar2/north-london-grammar-school-2/","6928","page","268","TR","KEEP","institution/boardingSchool","/tr/yatili-okullar/north-london-grammar-school/","","Boarding school (268w). Extractable: fees=true programmes=false accommodation=true"
"/dil-okullari/top-up-learning/","6911","page","289","EN","KEEP","languageSchool","/tr/dil-okullari/top-up-learning/","","Provider/brand overview page (289w) - becomes a languageSchool ""brand"" record with child branches"
"/dil-okullari/islington-centrefor-english/","6899","page","150","TR","KEEP","languageSchool","/tr/dil-okullari/islington-centrefor-english/","","Provider/brand overview page (150w) - becomes a languageSchool ""brand"" record with child branches"
"/dil-okullari/oxford-house/","6870","page","176","TR","KEEP","languageSchool","/tr/dil-okullari/oxford-house/","","Provider/brand overview page (176w) - becomes a languageSchool ""brand"" record with child branches"
"/dil-okullari/lsi-education/","6857","page","189","TR","KEEP","languageSchool","/tr/dil-okullari/lsi-education/","","Provider/brand overview page (189w) - becomes a languageSchool ""brand"" record with child branches"
"/dil-okullari/international-house/","6802","page","208","TR","KEEP","languageSchool","/tr/dil-okullari/international-house/","","Provider/brand overview page (208w) - becomes a languageSchool ""brand"" record with child branches"
"/dil-okullari/stafford-house/","6762","page","185","TR","KEEP","languageSchool","/tr/dil-okullari/stafford-house/","","Provider/brand overview page (185w) - becomes a languageSchool ""brand"" record with child branches"
"/dil-okullari/kaplan-international/","6739","page","188","TR","KEEP","languageSchool","/tr/dil-okullari/kaplan-international/","","Provider/brand overview page (188w) - becomes a languageSchool ""brand"" record with child branches"
"/dil-okullari/st-giles/","6722","page","193","TR","KEEP","languageSchool","/tr/dil-okullari/st-giles/","","Provider/brand overview page (193w) - becomes a languageSchool ""brand"" record with child branches"
"/yaz-okullari/bireysel-yaz-okullari/sir-michael-cambridge/","6438","page","199","TR","KEEP","summerProgramme","/tr/yaz-okullari/sir-michael-cambridge/","","Summer programme (199w). Extractable: dates=false ageRange=false lessons/wk=15 groupSize=false"
"/yaz-okullari/bireysel-yaz-okullari/sir-laurence-cambridge/","6410","page","212","TR","KEEP","summerProgramme","/tr/yaz-okullari/sir-laurence-cambridge/","","Summer programme (212w). Extractable: dates=false ageRange=false lessons/wk=21 groupSize=false"
"/yaz-okullari/bireysel-yaz-okullari/skola-regents-park-2/","6364","page","214","TR","KEEP","summerProgramme","/tr/yaz-okullari/skola-regents-park/","","Summer programme (214w). Extractable: dates=false ageRange=false lessons/wk=15 groupSize=false"
"/dil-okullari/english-studio/","6158","page","176","EN","KEEP","languageSchool","/tr/dil-okullari/english-studio/","","Provider/brand overview page (176w) - becomes a languageSchool ""brand"" record with child branches"
"/dil-okullari/english-path/","6076","page","247","TR","KEEP","languageSchool","/tr/dil-okullari/english-path/","","Provider/brand overview page (247w) - becomes a languageSchool ""brand"" record with child branches"
"/dil-okullari/ec-english/","5904","page","170","TR","KEEP","languageSchool","/tr/dil-okullari/ec-english/","","Provider/brand overview page (170w) - becomes a languageSchool ""brand"" record with child branches"
"/yaz-okullari/grup-yaz-okullari/","5822","page","35","EN","MERGE","","","/grup-yaz-okullari/","Link-list stub (35w) duplicating the 416w root hub of the same title"
"/yaz-okullari/","5814","page","6","EMPTY/STUB","DROP-301","","/tr/yaz-okullari/","","6-word nav stub (""Individual Summer Schools / Group Summer Schools""); /summer-schools/ carries the real 901w hub content"
"/yaz-okullari/bireysel-yaz-okullari/","5811","page","31","EN","MERGE","","","/bireysel-yaz-okullari/","Link-list stub (31w) duplicating the 529w root hub of the same title"
"/yatili-okullar2/the-worthgate-school-canterbury-2/","5779","page","247","TR","KEEP","institution/boardingSchool","/tr/yatili-okullar/the-worthgate-school-canterbury/","","Boarding school (247w). Extractable: fees=false programmes=false accommodation=true"
"/yatili-okullar2/guildhouse-school-london-2/","5761","page","270","TR","KEEP","institution/boardingSchool","/tr/yatili-okullar/guildhouse-school-london/","","Boarding school (270w). Extractable: fees=false programmes=false accommodation=true"
"/dil-okullari/","4896","page","26","EN","KEEP","institution/university","/tr/universiteler/amerika/dil-okullari/","","Non-UK university profile (26w, US) sitting at the site root instead of under /universiteler/"
"/anasayfa/testimonial/","3836","page","46","EN","DROP-410","","","","Theme demo testimonials - fake names (Blaise Matuidi) + demo copy"
"/anasayfa/blog/","3421","page","0","EMPTY/STUB","DROP-301","","/tr/blog/","","0-word empty Elementor container standing in for the blog index; the 18 real posts are not linked from it and are absent from the XML sitemap"
"/yatili-okullar2/cats-cambridge-2/","2777","page","355","TR","KEEP","institution/boardingSchool","/tr/yatili-okullar/cats-cambridge/","","Boarding school (355w). Extractable: fees=true programmes=false accommodation=true"
"/anasayfa/iletisim/","1347","page","65","TR","KEEP","page","/tr/iletisim/","","Real contact page: 5 named staff, +44 7735 826785, admin@happyeducation.uk. Office address is missing on both language versions"
"/anasayfa/hakkimizda/","1271","page","245","TR","KEEP","page","/tr/hakkimizda/","","Genuine About copy incl. founding year 2018, 500+ university placements, 700+ language/summer placements (claims need business verification)"
"/yurtdisinda-universite-okurken-calismak/","14930","post","923","TR","KEEP","article","/tr/blog/yurtdisinda-universite-okurken-calismak/","","Genuine long-form Turkish editorial (923 words), the strongest content asset on the site"
"/dunyanin-en-iyi-universiteleri/","14921","post","1033","TR","KEEP","article","/tr/blog/dunyanin-en-iyi-universiteleri/","","Genuine long-form Turkish editorial (1033 words), the strongest content asset on the site"
"/ingiltere-yaz-okulu-bavul-hazirligi/","14917","post","948","TR","KEEP","article","/tr/blog/ingiltere-yaz-okulu-bavul-hazirligi/","","Genuine long-form Turkish editorial (948 words), the strongest content asset on the site"
"/yaz-okulunda-guvenlik-ve-konaklama/","14892","post","1079","TR","KEEP","article","/tr/blog/yaz-okulunda-guvenlik-ve-konaklama/","","Genuine long-form Turkish editorial (1079 words), the strongest content asset on the site"
"/en-populer-yaz-okulu-sehirleri/","14890","post","816","TR","KEEP","article","/tr/blog/en-populer-yaz-okulu-sehirleri/","","Genuine long-form Turkish editorial (816 words), the strongest content asset on the site"
"/yaz-okulu-karsilastirmasi/","14868","post","715","TR","KEEP","article","/tr/blog/yaz-okulu-karsilastirmasi/","","Genuine long-form Turkish editorial (715 words), the strongest content asset on the site"
"/en-uygun-fiyatli-ingilizce-kursu/","14753","post","907","TR","KEEP","article","/tr/blog/en-uygun-fiyatli-ingilizce-kursu/","","Genuine long-form Turkish editorial (907 words), the strongest content asset on the site"
"/neden-ingiltere-yaz-okulu/","13910","post","829","TR","KEEP","article","/tr/blog/neden-ingiltere-yaz-okulu/","","Genuine long-form Turkish editorial (829 words), the strongest content asset on the site"
"/is-ingilizcesi-icin-ingiltere-mi-amerika-mi/","13489","post","831","TR","KEEP","article","/tr/blog/is-ingilizcesi-icin-ingiltere-mi-amerika-mi/","","Genuine long-form Turkish editorial (831 words), the strongest content asset on the site"
"/yurtdisinda-dil-egitimi-gunluk-hayatta-ingilizce-pratigi/","13487","post","849","TR","KEEP","article","/tr/blog/yurtdisinda-dil-egitimi-gunluk-hayatta-ingilizce-pratigi/","","Genuine long-form Turkish editorial (849 words), the strongest content asset on the site"
"/ingiltere-mi-malta-mi/","13484","post","805","TR","KEEP","article","/tr/blog/ingiltere-mi-malta-mi/","","Genuine long-form Turkish editorial (805 words), the strongest content asset on the site"
"/cocugunuzu-yurtdisinda-egitime-hazirliyorsaniz/","13482","post","864","TR","KEEP","article","/tr/blog/cocugunuzu-yurtdisinda-egitime-hazirliyorsaniz/","","Genuine long-form Turkish editorial (864 words), the strongest content asset on the site"
"/vize-basvurusunda-en-sik-yapilan-hatalar-ve-cozumleri/","13478","post","849","TR","KEEP","article","/tr/blog/vize-basvurusunda-en-sik-yapilan-hatalar-ve-cozumleri/","","Genuine long-form Turkish editorial (849 words), the strongest content asset on the site"
"/dil-okulu-secerken-dikkat-edilmesi-gerekenler/","13472","post","893","TR","KEEP","article","/tr/blog/dil-okulu-secerken-dikkat-edilmesi-gerekenler/","","Genuine long-form Turkish editorial (893 words), the strongest content asset on the site"
"/yurtdisina-cikmadan-once-yapilmasi-gereken-7-hazirlik/","13468","post","718","TR","KEEP","article","/tr/blog/yurtdisina-cikmadan-once-yapilmasi-gereken-7-hazirlik/","","Genuine long-form Turkish editorial (718 words), the strongest content asset on the site"
"/en-populer-yurtdisi-egitim-ulkeleri-ingiltere-kanada-malta-ve-irlanda-karsilastirmasi/","13465","post","958","TR","KEEP","article","/tr/blog/en-populer-yurtdisi-egitim-ulkeleri-ingiltere-kanada-malta-ve-irlanda-karsilastirmasi/","","Genuine long-form Turkish editorial (958 words), the strongest content asset on the site"
"/yurtdisinda-dil-egitimi-almanin-kariyerinize-10-faydasi/","13461","post","828","TR","KEEP","article","/tr/blog/yurtdisinda-dil-egitimi-almanin-kariyerinize-10-faydasi/","","Genuine long-form Turkish editorial (828 words), the strongest content asset on the site"
"/yurtdisi-egitim-danismanligi-neden-onemli/","13455","post","890","TR","KEEP","article","/tr/blog/yurtdisi-egitim-danismanligi-neden-onemli/","","Genuine long-form Turkish editorial (890 words), the strongest content asset on the site"
"/sitemap.html","","sitemap-only","","","DROP-410","","","","HTML sitemap generated by google-sitemap-generator plugin"
"/find-the-right-learning-path-for-your-group-course-online/","","sitemap-only","","","DROP-410","","","","Eduma theme demo post (English lorem-style demo content)"
"/learn-by-doing-with-real-world-projects-other-countries/","","sitemap-only","","","DROP-410","","","","Eduma theme demo post"
"/strategic-social-media-evolution-of-visual-design/","","sitemap-only","","","DROP-410","","","","Eduma theme demo post"
"/home/blog/","","sitemap-only","","","DROP-301","","/en/blog/","","Eduma theme demo blog index (present in post-sitemap.xml, absent from the WP export)"
