old_url,new_url,status,reason
https://happyeducation.uk/term_conditions/,,410,"410 LearnPress default T&C stub, 0 words - real terms page must be authored fresh"
https://happyeducation.uk/become_a_teacher/,,410,410 LearnPress become-instructor page (0 words)
https://happyeducation.uk/instructor/,,410,410 LearnPress single-instructor page ([learn_press_single_instructor] only)
https://happyeducation.uk/instructors/,,410,410 LearnPress instructor archive ([learn_press_instructors] only)
https://happyeducation.uk/courses/,,410,"410 LearnPress course archive (plugin artefact, 0 words)"
https://happyeducation.uk/lp-profile/,,410,410 LearnPress profile page ([learn_press_profile] only)
https://happyeducation.uk/lp-checkout/,,410,410 LearnPress checkout (0 words)
https://happyeducation.uk/football-academy-brighton-2/,https://happyeducation.uk/tr/yaz-okullari/berlitz-manchester/,301,"KEEP URL, REWRITE CONTENT -- Slug says football-academy-brighton-2 but the page is Berlitz Manchester - slug/content mismatch"
https://happyeducation.uk/skola-regent-gloucester-gate/,https://happyeducation.uk/tr/yaz-okullari/skola-regent-gloucester-gate/,301,summerProgramme -- Root-level summer programme (219w) - must NOT be confused with the same-named university page
https://happyeducation.uk/barry-university-miami/,https://happyeducation.uk/tr/yaz-okullari/barry-university-miami/,301,summerProgramme -- Root-level summer programme (189w) - must NOT be confused with the same-named university page
https://happyeducation.uk/new-york-st-peters-university/,https://happyeducation.uk/tr/yaz-okullari/new-york-st-peters-university/,301,summerProgramme -- Root-level summer programme (198w) - must NOT be confused with the same-named university page
https://happyeducation.uk/los-angeles/,https://happyeducation.uk/tr/yaz-okullari/los-angeles/,301,summerProgramme -- Root-level summer programme (190w) - must NOT be confused with the same-named university page
https://happyeducation.uk/tufts-university/,https://happyeducation.uk/tr/yaz-okullari/tufts-university/,301,summerProgramme -- Root-level summer programme (186w) - must NOT be confused with the same-named university page
https://happyeducation.uk/university-of-middlesex-london/,https://happyeducation.uk/tr/yaz-okullari/university-of-middlesex-london/,301,summerProgramme -- Root-level summer programme (173w) - must NOT be confused with the same-named university page
https://happyeducation.uk/university-of-kent/,https://happyeducation.uk/tr/yaz-okullari/university-of-kent/,301,summerProgramme -- Root-level summer programme (164w) - must NOT be confused with the same-named university page
https://happyeducation.uk/grup-yaz-okullari/,https://happyeducation.uk/tr/yaz-okullari/grup/,301,"page -- 416w group-summer-school hub, the substantive version of this pair"
https://happyeducation.uk/university-of-greenwich/,https://happyeducation.uk/tr/yaz-okullari/university-of-greenwich/,301,summerProgramme -- Root-level summer programme (161w) - must NOT be confused with the same-named university page
https://happyeducation.uk/abbey-college-cambridge/,https://happyeducation.uk/tr/yaz-okullari/abbey-college-cambridge/,301,summerProgramme -- Root-level summer programme (164w) - must NOT be confused with the same-named university page
https://happyeducation.uk/university-of-westminster-london/,https://happyeducation.uk/tr/yaz-okullari/university-of-westminster-london/,301,summerProgramme -- Root-level summer programme (184w) - must NOT be confused with the same-named university page
https://happyeducation.uk/university-college-london/,https://happyeducation.uk/tr/yaz-okullari/university-college-london/,301,summerProgramme -- Root-level summer programme (179w) - must NOT be confused with the same-named university page
https://happyeducation.uk/london-kings-college/,https://happyeducation.uk/tr/yaz-okullari/london-kings-college/,301,"KEEP URL, REWRITE CONTENT -- Hero image is University-of-Aberdeen.jpg - wrong institution photo"
https://happyeducation.uk/north-london-grammar-school/,https://happyeducation.uk/tr/yaz-okullari/north-london-grammar-school/,301,summerProgramme -- Root-level summer programme (181w) - must NOT be confused with the same-named university page
https://happyeducation.uk/bireysel-yaz-okullari/,https://happyeducation.uk/tr/yaz-okullari/,301,MERGE into /summer-schools/ -- Jaccard 0.41 / containment 0.78 vs /summer-schools/ - re-uses the same programme-type prose
https://happyeducation.uk/lsi-ucl-london-central/,https://happyeducation.uk/tr/yaz-okullari/lsi-ucl-london-central/,301,summerProgramme -- Root-level summer programme (159w) - must NOT be confused with the same-named university page
https://happyeducation.uk/lsi-london/,https://happyeducation.uk/tr/yaz-okullari/lsi-london/,301,summerProgramme -- Root-level summer programme (157w) - must NOT be confused with the same-named university page
https://happyeducation.uk/english-path-london/,https://happyeducation.uk/tr/dil-okullari/ingiltere/english-path-london/,301,institution/languageSchool -- Root-level language-school branch (162w)
https://happyeducation.uk/st-giles-family-programme-london-highgate/,https://happyeducation.uk/tr/yaz-okullari/st-giles-family-programme-london-highgate/,301,summerProgramme -- Root-level summer programme (170w) - must NOT be confused with the same-named university page
https://happyeducation.uk/st-giles-family-programme-london/,https://happyeducation.uk/tr/yaz-okullari/st-giles-family-programme-london/,301,summerProgramme -- Root-level summer programme (166w) - must NOT be confused with the same-named university page
https://happyeducation.uk/football-sports-academy-yorkshire/,https://happyeducation.uk/tr/yaz-okullari/football-sports-academy-yorkshire/,301,summerProgramme -- Root-level summer programme (163w) - must NOT be confused with the same-named university page
https://happyeducation.uk/st-giles-oxford-2/,https://happyeducation.uk/tr/yaz-okullari/st-giles-oxford/,301,summerProgramme -- Root-level summer programme (162w) - must NOT be confused with the same-named university page
https://happyeducation.uk/st-giles-ucl-london/,https://happyeducation.uk/tr/yaz-okullari/st-giles-ucl-london/,301,summerProgramme -- Root-level summer programme (164w) - must NOT be confused with the same-named university page
https://happyeducation.uk/st-giles-cambridge-2/,https://happyeducation.uk/tr/yaz-okullari/st-giles-cambridge/,301,summerProgramme -- Root-level summer programme (165w) - must NOT be confused with the same-named university page
https://happyeducation.uk/football-academy-brighton/,https://happyeducation.uk/tr/yaz-okullari/football-academy-brighton/,301,summerProgramme -- Root-level summer programme (184w) - must NOT be confused with the same-named university page
https://happyeducation.uk/business-and-finance-london/,https://happyeducation.uk/tr/yaz-okullari/business-and-finance-london/,301,summerProgramme -- Root-level summer programme (183w) - must NOT be confused with the same-named university page
https://happyeducation.uk/engineering-camp-brighton/,https://happyeducation.uk/tr/yaz-okullari/engineering-camp-brighton/,301,summerProgramme -- Root-level summer programme (175w) - must NOT be confused with the same-named university page
https://happyeducation.uk/ai-and-computer-science-oxford/,https://happyeducation.uk/tr/yaz-okullari/ai-and-computer-science-oxford/,301,summerProgramme -- Root-level summer programme (180w) - must NOT be confused with the same-named university page
https://happyeducation.uk/intensive-english-london/,https://happyeducation.uk/tr/yaz-okullari/intensive-english-london/,301,summerProgramme -- Root-level summer programme (168w) - must NOT be confused with the same-named university page
https://happyeducation.uk/bucksmore-education-brighton/,https://happyeducation.uk/tr/yaz-okullari/bucksmore-education-brighton/,301,summerProgramme -- Root-level summer programme (175w) - must NOT be confused with the same-named university page
https://happyeducation.uk/skola-regent-park-london/,https://happyeducation.uk/tr/yaz-okullari/skola-regent-park-london/,301,summerProgramme -- Root-level summer programme (167w) - must NOT be confused with the same-named university page
https://happyeducation.uk/sir-christopher-cambridge/,https://happyeducation.uk/tr/yaz-okullari/sir-christopher-cambridge/,301,summerProgramme -- Root-level summer programme (163w) - must NOT be confused with the same-named university page
https://happyeducation.uk/sir-micheal-cambridge/,https://happyeducation.uk/tr/yaz-okullari/sir-micheal-cambridge/,301,summerProgramme -- Root-level summer programme (161w) - must NOT be confused with the same-named university page
https://happyeducation.uk/sir-edward-cambridge/,https://happyeducation.uk/tr/yaz-okullari/sir-edward-cambridge/,301,summerProgramme -- Root-level summer programme (159w) - must NOT be confused with the same-named university page
https://happyeducation.uk/turlar/,https://happyeducation.uk/tr/turlar/,301,tour -- 716w tour catalogue: England / Europe / Italy itineraries with day-by-day city lists and a EUR price; the only revenue line outside education
https://happyeducation.uk/summer-schools/,https://happyeducation.uk/tr/yaz-okullari/,301,page -- 901w - the longest page on the site; the real summer-schools hub. Note the slug is English while the content is Turkish
https://happyeducation.uk/ingiltere-yatili-okullar/,https://happyeducation.uk/tr/yatili-okullar/,301,page -- 472w UK boarding-schools hub; all 5 of its child links point at dead /boarding-schools/* and /yatili-okullar/* URLs
https://happyeducation.uk/yatili-okullar2/oxford-international-college-2/,https://happyeducation.uk/tr/yatili-okullar/oxford-international-college-brighton/,301,MERGE into /yatili-okullar2/oxford-international-college-brighton/ -- BYTE-IDENTICAL body (Jaccard 1.00) - literal duplicate
https://happyeducation.uk/,https://happyeducation.uk/tr/,301,"KEEP URL, REWRITE CONTENT -- Homepage: 524w Elementor build, 14 images all without alt text, links to 10 dead /irlanda + /course/* URLs; rebuild in the new design system"
https://happyeducation.uk/yeni-zelanda-universiteler/,https://happyeducation.uk/tr/universiteler/yeni-zelanda/,301,page -- Country landing page (306w) for university in NZ; genuine market prose
https://happyeducation.uk/kanada-universiteler/,https://happyeducation.uk/tr/universiteler/kanada/,301,page -- Country landing page (252w) for university in CA; genuine market prose
https://happyeducation.uk/irlanda-universiteler/,https://happyeducation.uk/tr/universiteler/irlanda/,301,page -- Country landing page (250w) for university in IE; genuine market prose
https://happyeducation.uk/avustralya-universiteler/,https://happyeducation.uk/tr/universiteler/avustralya/,301,page -- Country landing page (316w) for university in AU; genuine market prose
https://happyeducation.uk/amerika-universiteler/,https://happyeducation.uk/tr/universiteler/amerika/,301,page -- Country landing page (397w) for university in US; genuine market prose
https://happyeducation.uk/ingiltere-universiteler/,https://happyeducation.uk/tr/universiteler/ingiltere/,301,page -- Country landing page (539w) for university in GB; genuine market prose
https://happyeducation.uk/english-path-dubai/,https://happyeducation.uk/tr/dil-okullari/dubai/english-path-dubai/,301,institution/languageSchool -- Root-level language-school branch (136w)
https://happyeducation.uk/dil-okullari/dubai-dil-okullari/,https://happyeducation.uk/tr/dil-okullari/dubai/,301,page -- Country landing page for language schools in AE (434w)
https://happyeducation.uk/irlanda-dil-okullari/,https://happyeducation.uk/tr/dil-okullari/irlanda/,301,MERGE into /dil-okullari/ireland/ -- Root Ireland hub (476w) duplicates the nested /dil-okullari/ireland/ (10w stub)
https://happyeducation.uk/oxford-international-new-york/,https://happyeducation.uk/tr/dil-okullari/amerika/oxford-international-new-york/,301,institution/languageSchool -- Root-level language-school branch (314w)
https://happyeducation.uk/ec-english-vancouver/,https://happyeducation.uk/tr/dil-okullari/kanada/ec-english-vancouver/,301,institution/languageSchool -- Root-level language-school branch (176w)
https://happyeducation.uk/oxford-international-vancouver/,https://happyeducation.uk/tr/dil-okullari/kanada/oxford-international-vancouver/,301,institution/languageSchool -- Root-level language-school branch (171w)
https://happyeducation.uk/english-path-brisbane/,https://happyeducation.uk/tr/dil-okullari/avustralya/english-path-brisbane/,301,institution/languageSchool -- Root-level language-school branch (194w)
https://happyeducation.uk/oxford-international-melbourne/,https://happyeducation.uk/tr/dil-okullari/avustralya/oxford-international-melbourne/,301,institution/languageSchool -- Root-level language-school branch (128w)
https://happyeducation.uk/english-path-malta/,https://happyeducation.uk/tr/dil-okullari/malta/english-path-malta/,301,institution/languageSchool -- Root-level language-school branch (171w)
https://happyeducation.uk/dil-okullari/uk/londra-dil-okullari/,https://happyeducation.uk/tr/dil-okullari/ingiltere/londra/,301,page -- City landing page (167w) for UK language schools
https://happyeducation.uk/twin-english-centres-dublin/,https://happyeducation.uk/tr/dil-okullari/irlanda/twin-english-centres-dublin/,301,institution/languageSchool -- Root-level language-school branch (178w)
https://happyeducation.uk/oxford-international/,https://happyeducation.uk/tr/dil-okullari/ingiltere/oxford-international/,301,institution/languageSchool -- Root-level language-school branch (152w)
https://happyeducation.uk/kaplan-international-oxford/,https://happyeducation.uk/tr/dil-okullari/ingiltere/kaplan-international-oxford/,301,institution/languageSchool -- Root-level language-school branch (185w)
https://happyeducation.uk/st-giles-oxford/,https://happyeducation.uk/tr/dil-okullari/ingiltere/st-giles-oxford/,301,institution/languageSchool -- Root-level language-school branch (160w)
https://happyeducation.uk/lsi-cambridge/,https://happyeducation.uk/tr/dil-okullari/ingiltere/lsi-cambridge/,301,institution/languageSchool -- Root-level language-school branch (167w)
https://happyeducation.uk/kaplan-international/,https://happyeducation.uk/tr/dil-okullari/ingiltere/kaplan-international/,301,"KEEP URL, REWRITE CONTENT -- Slug is the brand name but the content is Kaplan International Cambridge specifically"
https://happyeducation.uk/ec-english-cambridge/,https://happyeducation.uk/tr/dil-okullari/ingiltere/ec-english-cambridge/,301,institution/languageSchool -- Root-level language-school branch (118w)
https://happyeducation.uk/st-giles-cambridge/,https://happyeducation.uk/tr/dil-okullari/ingiltere/st-giles-cambridge/,301,institution/languageSchool -- Root-level language-school branch (170w)
https://happyeducation.uk/stafford-house-cambridge/,https://happyeducation.uk/tr/dil-okullari/ingiltere/stafford-house-cambridge/,301,institution/languageSchool -- Root-level language-school branch (142w)
https://happyeducation.uk/edskills-language-school/,https://happyeducation.uk/tr/dil-okullari/amerika/edskills-language-school/,301,institution/languageSchool -- Root-level language-school branch (148w)
https://happyeducation.uk/english-path-birmingham/,https://happyeducation.uk/tr/dil-okullari/ingiltere/english-path-birmingham/,301,institution/languageSchool -- Root-level language-school branch (133w)
https://happyeducation.uk/elementor-sayfa-12208/,https://happyeducation.uk/tr/dil-okullari/ingiltere/oxford-international-londra-greenwich/,301,"KEEP URL, REWRITE CONTENT -- Real content (Oxford International London Greenwich, 174w) trapped behind an auto-generated Elementor slug"
https://happyeducation.uk/marshall-university/,https://happyeducation.uk/tr/universiteler/amerika/marshall-university/,301,"institution/university -- Non-UK university profile (217w, US) sitting at the site root instead of under /universiteler/"
https://happyeducation.uk/university-of-nebraska-omaha/,https://happyeducation.uk/tr/universiteler/amerika/university-of-nebraska-omaha/,301,"institution/university -- Non-UK university profile (245w, US) sitting at the site root instead of under /universiteler/"
https://happyeducation.uk/towson-university/,https://happyeducation.uk/tr/universiteler/amerika/towson-university/,301,"institution/university -- Non-UK university profile (243w, US) sitting at the site root instead of under /universiteler/"
https://happyeducation.uk/california-state-university-san-marcos/,https://happyeducation.uk/tr/universiteler/amerika/california-state-university-san-marcos/,301,"institution/university -- Non-UK university profile (295w, US) sitting at the site root instead of under /universiteler/"
https://happyeducation.uk/syracuse-university/,https://happyeducation.uk/tr/universiteler/amerika/syracuse-university/,301,"institution/university -- Non-UK university profile (339w, US) sitting at the site root instead of under /universiteler/"
https://happyeducation.uk/washington-state-university/,https://happyeducation.uk/tr/universiteler/amerika/washington-state-university/,301,"institution/university -- Non-UK university profile (269w, US) sitting at the site root instead of under /universiteler/"
https://happyeducation.uk/university-of-oklahoma/,https://happyeducation.uk/tr/universiteler/amerika/university-of-oklahoma/,301,"institution/university -- Non-UK university profile (378w, US) sitting at the site root instead of under /universiteler/"
https://happyeducation.uk/texas-state-university/,https://happyeducation.uk/tr/universiteler/amerika/texas-state-university/,301,"institution/university -- Non-UK university profile (318w, US) sitting at the site root instead of under /universiteler/"
https://happyeducation.uk/southern-illinois-university-carbondale/,https://happyeducation.uk/tr/universiteler/amerika/southern-illinois-university-carbondale/,301,"institution/university -- Non-UK university profile (390w, US) sitting at the site root instead of under /universiteler/"
https://happyeducation.uk/san-francisco-state-university/,https://happyeducation.uk/tr/universiteler/amerika/san-francisco-state-university/,301,"institution/university -- Non-UK university profile (161w, US) sitting at the site root instead of under /universiteler/"
https://happyeducation.uk/mercy-university/,https://happyeducation.uk/tr/universiteler/amerika/mercy-university/,301,"institution/university -- Non-UK university profile (139w, US) sitting at the site root instead of under /universiteler/"
https://happyeducation.uk/university-of-massachusetts/,https://happyeducation.uk/tr/universiteler/amerika/university-of-massachusetts/,301,"institution/university -- Non-UK university profile (163w, US) sitting at the site root instead of under /universiteler/"
https://happyeducation.uk/western-washington-university/,https://happyeducation.uk/tr/universiteler/amerika/western-washington-university/,301,"institution/university -- Non-UK university profile (202w, US) sitting at the site root instead of under /universiteler/"
https://happyeducation.uk/lipscomb-university/,https://happyeducation.uk/tr/universiteler/amerika/lipscomb-university/,301,"institution/university -- Non-UK university profile (168w, US) sitting at the site root instead of under /universiteler/"
https://happyeducation.uk/texas-am-university/,https://happyeducation.uk/tr/universiteler/amerika/texas-a-m-university/,301,"institution/university -- Non-UK university profile (228w, US) sitting at the site root instead of under /universiteler/"
https://happyeducation.uk/university-of-hartford/,https://happyeducation.uk/tr/universiteler/amerika/university-of-hartford/,301,"institution/university -- Non-UK university profile (191w, US) sitting at the site root instead of under /universiteler/"
https://happyeducation.uk/depaul-university/,https://happyeducation.uk/tr/universiteler/amerika/depaul-university/,301,"institution/university -- Non-UK university profile (189w, US) sitting at the site root instead of under /universiteler/"
https://happyeducation.uk/james-madison-university/,https://happyeducation.uk/tr/universiteler/amerika/james-madison-university/,301,"institution/university -- Non-UK university profile (182w, US) sitting at the site root instead of under /universiteler/"
https://happyeducation.uk/florida-atlantic-university/,https://happyeducation.uk/tr/universiteler/ingiltere/florida-atlantic-university/,301,"institution/university -- Non-UK university profile (157w, GB) sitting at the site root instead of under /universiteler/"
https://happyeducation.uk/simmons-university/,https://happyeducation.uk/tr/universiteler/amerika/simmons-university/,301,"institution/university -- Non-UK university profile (151w, US) sitting at the site root instead of under /universiteler/"
https://happyeducation.uk/arizona-state-university/,https://happyeducation.uk/tr/universiteler/amerika/arizona-state-university/,301,"institution/university -- Non-UK university profile (169w, US) sitting at the site root instead of under /universiteler/"
https://happyeducation.uk/university-of-connecticut/,https://happyeducation.uk/tr/universiteler/amerika/university-of-connecticut/,301,"institution/university -- Non-UK university profile (156w, US) sitting at the site root instead of under /universiteler/"
https://happyeducation.uk/pace-university/,https://happyeducation.uk/tr/universiteler/amerika/pace-university/,301,"institution/university -- Non-UK university profile (152w, US) sitting at the site root instead of under /universiteler/"
https://happyeducation.uk/dil-okullari/ingiltere-dil-okullari/,https://happyeducation.uk/tr/dil-okullari/ingiltere/,301,"MERGE into /dil-okullari/uk/ -- Second UK language-school hub (536w) competing with /dil-okullari/uk/ (33w). KEEP the prose, retire the URL"
https://happyeducation.uk/dil-okullari/uk/birmingham-dil-okullari/,https://happyeducation.uk/tr/dil-okullari/ingiltere/birmingham/,301,page -- City landing page (153w) for UK language schools
https://happyeducation.uk/dil-okullari/uk/cambridge-dil-okullari/,https://happyeducation.uk/tr/dil-okullari/ingiltere/cambridge/,301,page -- City landing page (143w) for UK language schools
https://happyeducation.uk/dil-okullari/uk/oxford-dil-okullari/,https://happyeducation.uk/tr/dil-okullari/ingiltere/oxford/,301,page -- City landing page (116w) for UK language schools
https://happyeducation.uk/university-of-massachusetts-amherst/,https://happyeducation.uk/tr/universiteler/amerika/university-of-massachusetts-amherst/,301,"institution/university -- Non-UK university profile (176w, US) sitting at the site root instead of under /universiteler/"
https://happyeducation.uk/thomas-jefferson-university/,https://happyeducation.uk/tr/universiteler/amerika/thomas-jefferson-university/,301,"institution/university -- Non-UK university profile (177w, US) sitting at the site root instead of under /universiteler/"
https://happyeducation.uk/new-england-college/,https://happyeducation.uk/tr/universiteler/amerika/new-england-college/,301,"institution/university -- Non-UK university profile (167w, US) sitting at the site root instead of under /universiteler/"
https://happyeducation.uk/montclair-state-university/,https://happyeducation.uk/tr/universiteler/amerika/montclair-state-university/,301,"institution/university -- Non-UK university profile (193w, US) sitting at the site root instead of under /universiteler/"
https://happyeducation.uk/long-island-university/,https://happyeducation.uk/tr/universiteler/amerika/long-island-university/,301,"institution/university -- Non-UK university profile (177w, US) sitting at the site root instead of under /universiteler/"
https://happyeducation.uk/fisher-college/,https://happyeducation.uk/tr/universiteler/amerika/fisher-college/,301,"institution/university -- Non-UK university profile (156w, US) sitting at the site root instead of under /universiteler/"
https://happyeducation.uk/illinois-state-university/,https://happyeducation.uk/tr/universiteler/amerika/illinois-state-university/,301,"institution/university -- Non-UK university profile (178w, US) sitting at the site root instead of under /universiteler/"
https://happyeducation.uk/hofstra-university/,https://happyeducation.uk/tr/universiteler/amerika/hofstra-university/,301,"institution/university -- Non-UK university profile (173w, US) sitting at the site root instead of under /universiteler/"
https://happyeducation.uk/university-of-arizona/,https://happyeducation.uk/tr/universiteler/amerika/university-of-arizona/,301,"institution/university -- Non-UK university profile (189w, US) sitting at the site root instead of under /universiteler/"
https://happyeducation.uk/university-of-alabama-at-birmingham/,https://happyeducation.uk/tr/universiteler/amerika/university-of-alabama-at-birmingham/,301,"institution/university -- Non-UK university profile (152w, US) sitting at the site root instead of under /universiteler/"
https://happyeducation.uk/suffolk-university/,https://happyeducation.uk/tr/universiteler/amerika/suffolk-university/,301,"institution/university -- Non-UK university profile (151w, US) sitting at the site root instead of under /universiteler/"
https://happyeducation.uk/saint-louis-university/,https://happyeducation.uk/tr/universiteler/amerika/saint-louis-university/,301,"institution/university -- Non-UK university profile (181w, US) sitting at the site root instead of under /universiteler/"
https://happyeducation.uk/oregon-state-university/,https://happyeducation.uk/tr/universiteler/amerika/oregon-state-university/,301,"institution/university -- Non-UK university profile (163w, US) sitting at the site root instead of under /universiteler/"
https://happyeducation.uk/george-mason-university/,https://happyeducation.uk/tr/universiteler/amerika/george-mason-university/,301,"institution/university -- Non-UK university profile (172w, US) sitting at the site root instead of under /universiteler/"
https://happyeducation.uk/colorado-state-university/,https://happyeducation.uk/tr/universiteler/amerika/colorado-state-university/,301,"institution/university -- Non-UK university profile (236w, US) sitting at the site root instead of under /universiteler/"
https://happyeducation.uk/drew-university/,https://happyeducation.uk/tr/universiteler/amerika/drew-university/,301,"institution/university -- Non-UK university profile (209w, US) sitting at the site root instead of under /universiteler/"
https://happyeducation.uk/university-college-dublin/,https://happyeducation.uk/tr/universiteler/irlanda/university-college-dublin/,301,"institution/university -- Non-UK university profile (286w, IE) sitting at the site root instead of under /universiteler/"
https://happyeducation.uk/massey-university/,https://happyeducation.uk/tr/universiteler/yeni-zelanda/massey-university/,301,"institution/university -- Non-UK university profile (199w, NZ) sitting at the site root instead of under /universiteler/"
https://happyeducation.uk/university-of-alberta/,https://happyeducation.uk/tr/universiteler/kanada/university-of-alberta/,301,"institution/university -- Non-UK university profile (198w, CA) sitting at the site root instead of under /universiteler/"
https://happyeducation.uk/university-of-victoria/,https://happyeducation.uk/tr/universiteler/kanada/university-of-victoria/,301,"institution/university -- Non-UK university profile (181w, CA) sitting at the site root instead of under /universiteler/"
https://happyeducation.uk/university-of-newcastle/,https://happyeducation.uk/tr/universiteler/ingiltere/university-of-newcastle/,301,"institution/university -- Non-UK university profile (441w, GB) sitting at the site root instead of under /universiteler/"
https://happyeducation.uk/university-of-adelaide/,https://happyeducation.uk/tr/universiteler/avustralya/university-of-adelaide/,301,"institution/university -- Non-UK university profile (469w, AU) sitting at the site root instead of under /universiteler/"
https://happyeducation.uk/murdoch-university/,https://happyeducation.uk/tr/universiteler/avustralya/murdoch-university/,301,"institution/university -- Non-UK university profile (409w, AU) sitting at the site root instead of under /universiteler/"
https://happyeducation.uk/elementor-sayfa-11663/,https://happyeducation.uk/tr/universiteler/avustralya/universal-higher-education/,301,"institution/university -- Non-UK university profile (384w, AU) sitting at the site root instead of under /universiteler/"
https://happyeducation.uk/university-of-notre-dame/,https://happyeducation.uk/tr/universiteler/ingiltere/the-university-of-notre-dame/,301,"institution/university -- Non-UK university profile (363w, GB) sitting at the site root instead of under /universiteler/"
https://happyeducation.uk/elementor-sayfa-11642/,https://happyeducation.uk/tr/universiteler/avustralya/university-of-western-australia/,301,"institution/university -- Non-UK university profile (325w, AU) sitting at the site root instead of under /universiteler/"
https://happyeducation.uk/dil-okullari/ec-english-dublin/,https://happyeducation.uk/tr/dil-okullari/ec-english-dublin/,301,"languageSchool -- Provider/brand overview page (138w) - becomes a languageSchool ""brand"" record with child branches"
https://happyeducation.uk/dil-okullari/uk/oxford-international-college/,https://happyeducation.uk/tr/dil-okullari/ingiltere/oxford-international-college/,301,"KEEP URL, REWRITE CONTENT -- Boarding-school content mis-filed under language schools; 3-way duplicate with the two /yatili-okullar2/ OIC pages"
https://happyeducation.uk/universiteler/colorado-state-university/,https://happyeducation.uk/tr/universiteler/amerika/colorado-state-university/,301,MERGE into /colorado-state-university/ -- 98w English legacy-template version of the 236w Turkish root page; same institution
https://happyeducation.uk/my-account/,,410,"410 WooCommerce account page (plugin artefact, [woocommerce_my_account] only)"
https://happyeducation.uk/checkout/,,410,"410 WooCommerce checkout page (plugin artefact, 0 words)"
https://happyeducation.uk/cart/,,410,"410 WooCommerce cart page (plugin artefact, 13 words, live 200)"
https://happyeducation.uk/yatili-okullar2/bosworth-independent-school/,https://happyeducation.uk/tr/yatili-okullar/bosworth-independent-school/,301,institution/boardingSchool -- Boarding school (275w). Extractable: fees=true programmes=true accommodation=true
https://happyeducation.uk/yatili-okullar2/north-bridge-house-school/,https://happyeducation.uk/tr/yatili-okullar/north-bridge-house-school/,301,institution/boardingSchool -- Boarding school (301w). Extractable: fees=true programmes=true accommodation=true
https://happyeducation.uk/yatili-okullar2/oxford-international-college-brighton/,https://happyeducation.uk/tr/yatili-okullar/oxford-international-college-brighton/,301,institution/boardingSchool -- Boarding school (313w). Extractable: fees=true programmes=true accommodation=true
https://happyeducation.uk/dil-okullari/ireland/english-path-dublin-2/,https://happyeducation.uk/tr/dil-okullari/irlanda/english-path-dublin/,301,"institution/languageSchool -- Language-school branch page (645w, EN)"
https://happyeducation.uk/dil-okullari/uk/brighton-dil-okullari/,https://happyeducation.uk/tr/dil-okullari/ingiltere/brighton/,301,page -- City landing page (156w) for UK language schools
https://happyeducation.uk/dil-okullari/amerika-dil-okullari/ec-english-school-in-san-francisco/,https://happyeducation.uk/tr/dil-okullari/amerika/ec-english-school-in-san-francisco/,301,"institution/languageSchool -- Language-school branch page (260w, EN)"
https://happyeducation.uk/dil-okullari/amerika-dil-okullari/ec-english-school-in-san-diego/,https://happyeducation.uk/tr/dil-okullari/amerika/ec-english-school-in-san-diego/,301,"institution/languageSchool -- Language-school branch page (278w, EN)"
https://happyeducation.uk/dil-okullari/amerika-dil-okullari/ec-english-new-york/,https://happyeducation.uk/tr/dil-okullari/amerika/ec-english-new-york/,301,"institution/languageSchool -- Language-school branch page (294w, TR)"
https://happyeducation.uk/dil-okullari/amerika-dil-okullari/ec-english-los-angeles/,https://happyeducation.uk/tr/dil-okullari/amerika/ec-english-los-angeles/,301,"institution/languageSchool -- Language-school branch page (339w, EN)"
https://happyeducation.uk/dil-okullari/amerika-dil-okullari/ec-english-school-in-boston/,https://happyeducation.uk/tr/dil-okullari/amerika/ec-english-school-in-boston/,301,"institution/languageSchool -- Language-school branch page (341w, EN)"
https://happyeducation.uk/dil-okullari/amerika-dil-okullari/lsi-san-francisco-berkeley/,https://happyeducation.uk/tr/dil-okullari/amerika/lsi-san-francisco-berkeley/,301,"institution/languageSchool -- Language-school branch page (318w, EN)"
https://happyeducation.uk/dil-okullari/amerika-dil-okullari/lsi-san-diego/,https://happyeducation.uk/tr/dil-okullari/amerika/lsi-san-diego/,301,"institution/languageSchool -- Language-school branch page (275w, EN)"
https://happyeducation.uk/dil-okullari/amerika-dil-okullari/lsi-new-york/,https://happyeducation.uk/tr/dil-okullari/amerika/lsi-new-york/,301,"institution/languageSchool -- Language-school branch page (250w, TR)"
https://happyeducation.uk/dil-okullari/amerika-dil-okullari/lsi-boston/,https://happyeducation.uk/tr/dil-okullari/amerika/lsi-boston/,301,"institution/languageSchool -- Language-school branch page (172w, EN)"
https://happyeducation.uk/dil-okullari/amerika-dil-okullari/kaplan-international-new-york/,https://happyeducation.uk/tr/dil-okullari/amerika/kaplan-international-new-york/,301,"institution/languageSchool -- Language-school branch page (401w, TR)"
https://happyeducation.uk/dil-okullari/amerika-dil-okullari/kaplan-international-los-angeles/,https://happyeducation.uk/tr/dil-okullari/amerika/kaplan-international-los-angeles/,301,"institution/languageSchool -- Language-school branch page (364w, EN)"
https://happyeducation.uk/dil-okullari/amerika-dil-okullari/kaplan-international-chicago/,https://happyeducation.uk/tr/dil-okullari/amerika/kaplan-international-chicago/,301,"institution/languageSchool -- Language-school branch page (210w, EN)"
https://happyeducation.uk/dil-okullari/amerika-dil-okullari/,https://happyeducation.uk/tr/dil-okullari/amerika/,301,page -- Country landing page for language schools in US (654w)
https://happyeducation.uk/dil-okullari/amerika-dil-okullari/kaplan-international-boston/,https://happyeducation.uk/tr/dil-okullari/amerika/kaplan-international-boston/,301,"institution/languageSchool -- Language-school branch page (185w, EN)"
https://happyeducation.uk/dil-okullari/uk/londra/,https://happyeducation.uk/tr/dil-okullari/ingiltere/londra/,301,"MERGE into /dil-okullari/uk/londra-dil-okullari/ -- 19-word link stub, same title ""Londra"" as the 167w city hub"
https://happyeducation.uk/dil-okullari/uk/manchester-dil-okullari/,https://happyeducation.uk/tr/dil-okullari/ingiltere/manchester/,301,page -- City landing page (154w) for UK language schools
https://happyeducation.uk/dil-okullari/kanada-dil-okullari/lsi-international-vancouver/,https://happyeducation.uk/tr/dil-okullari/kanada/lsi-international-vancouver/,301,"institution/languageSchool -- Language-school branch page (215w, TR)"
https://happyeducation.uk/dil-okullari/kanada-dil-okullari/st-giles-international-vancouver/,https://happyeducation.uk/tr/dil-okullari/kanada/st-giles-vancouver/,301,"institution/languageSchool -- Language-school branch page (155w, TR)"
https://happyeducation.uk/dil-okullari/kanada-dil-okullari/englishpath-in-toronto/,https://happyeducation.uk/tr/dil-okullari/kanada/englishpath-in-toronto/,301,"institution/languageSchool -- Language-school branch page (356w, EN)"
https://happyeducation.uk/dil-okullari/kanada-dil-okullari/ec-montreal/,https://happyeducation.uk/tr/dil-okullari/kanada/ec-montreal/,301,"institution/languageSchool -- Language-school branch page (155w, EN)"
https://happyeducation.uk/dil-okullari/kanada-dil-okullari/kaplan-international-toronto/,https://happyeducation.uk/tr/dil-okullari/kanada/kaplan-international-toronto/,301,"institution/languageSchool -- Language-school branch page (120w, EN)"
https://happyeducation.uk/dil-okullari/kanada-dil-okullari/kaplan-international-vancouver/,https://happyeducation.uk/tr/dil-okullari/kanada/kaplan-international-vancouver/,301,"institution/languageSchool -- Language-school branch page (176w, TR)"
https://happyeducation.uk/dil-okullari/malta-dil-okullari/ec-malta/,https://happyeducation.uk/tr/dil-okullari/malta/ec-malta/,301,"institution/languageSchool -- Language-school branch page (211w, TR)"
https://happyeducation.uk/dil-okullari/new-zeland/lsi-auckland/,https://happyeducation.uk/tr/dil-okullari/yeni-zelanda/lsi-auckland/,301,"institution/languageSchool -- Language-school branch page (147w, EN)"
https://happyeducation.uk/dil-okullari/south-africa/ec-cape-town/,https://happyeducation.uk/tr/dil-okullari/guney-afrika/ec-cape-town/,301,"institution/languageSchool -- Language-school branch page (179w, EN)"
https://happyeducation.uk/dil-okullari/avustralya-dil-okullari/lsi-brisbane/,https://happyeducation.uk/tr/dil-okullari/avustralya/lsi-brisbane/,301,"institution/languageSchool -- Language-school branch page (123w, TR)"
https://happyeducation.uk/dil-okullari/uk/english-path-manchester/,https://happyeducation.uk/tr/dil-okullari/ingiltere/english-path-manchester/,301,"institution/languageSchool -- Language-school branch page (161w, TR)"
https://happyeducation.uk/dil-okullari/uk/ec-english-manchester/,https://happyeducation.uk/tr/dil-okullari/ingiltere/ec-english-manchester/,301,"institution/languageSchool -- Language-school branch page (196w, TR)"
https://happyeducation.uk/dil-okullari/uk/kaplan-international-manchester/,https://happyeducation.uk/tr/dil-okullari/ingiltere/kaplan-international-manchester/,301,"institution/languageSchool -- Language-school branch page (199w, TR)"
https://happyeducation.uk/dil-okullari/uk/ec-english-learn-english-in-brighton/,https://happyeducation.uk/tr/dil-okullari/ingiltere/ec-english-learn-english-in-brighton-uk/,301,"institution/languageSchool -- Language-school branch page (201w, TR)"
https://happyeducation.uk/dil-okullari/uk/lsi-brighton-learn-english-in-brighton/,https://happyeducation.uk/tr/dil-okullari/ingiltere/lsi-brighton-learn-english-in-brighton-england/,301,"institution/languageSchool -- Language-school branch page (185w, TR)"
https://happyeducation.uk/dil-okullari/uk/st-giles-international-english-language-courses-in-brighton/,https://happyeducation.uk/tr/dil-okullari/ingiltere/st-giles/,301,"institution/languageSchool -- Language-school branch page (229w, TR)"
https://happyeducation.uk/dil-okullari/ireland/twin-english-centre-dublin/,https://happyeducation.uk/tr/dil-okullari/irlanda/twin-english-centre-dublin/,301,"institution/languageSchool -- Language-school branch page (92w, EN)"
https://happyeducation.uk/dil-okullari/ireland/english-path-dublin/,https://happyeducation.uk/tr/dil-okullari/irlanda/english-path-dublin/,301,"MERGE into /dil-okullari/ireland/english-path-dublin-2/ -- 142w TR stub vs 645w EN ""-2"" twin, same institution and same title"
https://happyeducation.uk/dil-okullari/ireland/kaplan-international-in-dublin/,https://happyeducation.uk/tr/dil-okullari/irlanda/kaplan-international-in-dublin/,301,"institution/languageSchool -- Language-school branch page (174w, TR)"
https://happyeducation.uk/dil-okullari/avustralya-dil-okullari/,https://happyeducation.uk/tr/dil-okullari/avustralya/,301,page -- Country landing page for language schools in AU (520w)
https://happyeducation.uk/dil-okullari/south-africa/,https://happyeducation.uk/tr/dil-okullari/guney-afrika/,301,"KEEP URL, REWRITE CONTENT -- 4-word link stub for a whole country"
https://happyeducation.uk/dil-okullari/new-zeland/,https://happyeducation.uk/tr/dil-okullari/yeni-zelanda/,301,"KEEP URL, REWRITE CONTENT -- 2-word link stub; slug also misspelt (""new-zeland"")"
https://happyeducation.uk/dil-okullari/malta-dil-okullari/,https://happyeducation.uk/tr/dil-okullari/malta/,301,page -- Country landing page for language schools in MT (425w)
https://happyeducation.uk/dil-okullari/kanada-dil-okullari/,https://happyeducation.uk/tr/dil-okullari/kanada/,301,page -- Country landing page for language schools in CA (403w)
https://happyeducation.uk/dil-okullari/uk/,https://happyeducation.uk/tr/dil-okullari/ingiltere/,301,"KEEP URL, REWRITE CONTENT -- 33-word link stub for the most important market on the site"
https://happyeducation.uk/dil-okullari/ireland/,https://happyeducation.uk/tr/dil-okullari/irlanda/,301,"KEEP URL, REWRITE CONTENT -- 10-word link stub for a whole country"
https://happyeducation.uk/policy/,https://happyeducation.uk/tr/gizlilik-politikasi/,301,"KEEP URL, REWRITE CONTENT -- Privacy policy body pastes the Companies House URL (find-and-update.company-information.service.gov.uk/company/11331426) where the website URL should be; no cookie/GDPR/UK-DPA sections"
https://happyeducation.uk/anasayfa/iletisim-2/,https://happyeducation.uk/tr/iletisim/,301,"MERGE into /anasayfa/iletisim/ -- English twin of the contact page; becomes the seed for /en/contact/ (contains ""Address will be added here"" placeholder)"
https://happyeducation.uk/thanks/,,410,"410 Form thank-you page, 11 words; the 3 tour PDFs it links (england-tour.pdf, Europe-Tour-Disneyland-.pdf, Italy-Tour-.pdf, all live 200) must be re-hosted before this URL dies"
https://happyeducation.uk/anasayfa/price/,,410,410 Eduma theme demo pricing page (0 words)
https://happyeducation.uk/salesforce/,https://happyeducation.uk/tr/iletisim/,301,"SUPERSEDED -- Legacy Salesforce Web-to-Lead form page; the 6 ""APPLY NOW"" buttons that point here are replaced by the new enquiry form on the contact page"
https://happyeducation.uk/anasayfa/price-disc/,,410,410 Eduma theme demo pricing page (0 words)
https://happyeducation.uk/universiteler/st-georges-university-of-london/,https://happyeducation.uk/tr/universiteler/ingiltere/st-georges-university-of-london/,301,institution/university -- UK university profile (176w). Extractable: city=true ranking=false founded=true departments=true logo=false
https://happyeducation.uk/universiteler/goldsmiths-university-of-london-2/,https://happyeducation.uk/tr/universiteler/ingiltere/goldsmiths-university-of-london/,301,institution/university -- UK university profile (135w). Extractable: city=true ranking=true founded=true departments=true logo=false
https://happyeducation.uk/universiteler/royal-veterinary-college/,https://happyeducation.uk/tr/universiteler/ingiltere/royal-veterinary-college/,301,institution/university -- UK university profile (172w). Extractable: city=true ranking=false founded=true departments=true logo=false
https://happyeducation.uk/universiteler/birkbeck-university-of-london-2/,https://happyeducation.uk/tr/universiteler/ingiltere/birkbeck-university-of-london/,301,institution/university -- UK university profile (156w). Extractable: city=true ranking=true founded=true departments=false logo=false
https://happyeducation.uk/universiteler/university-of-nicosia-2/,https://happyeducation.uk/tr/universiteler/kibris/university-of-nicosia/,301,"KEEP URL, REWRITE CONTENT -- 23 words, legacy English template husk; also not a UK institution"
https://happyeducation.uk/universiteler/st-georges-university-of-grenada/,https://happyeducation.uk/tr/universiteler/grenada/st-georges-university-of-grenada/,301,"KEEP URL, REWRITE CONTENT -- 24 words, legacy English template husk; not a UK institution"
https://happyeducation.uk/universiteler/royal-college-of-surgeons-2/,https://happyeducation.uk/tr/universiteler/ingiltere/royal-college-of-surgeons/,301,institution/university -- UK university profile (132w). Extractable: city=true ranking=false founded=true departments=true logo=true
https://happyeducation.uk/universiteler/university-of-central-lancashire-uclan-2/,https://happyeducation.uk/tr/universiteler/ingiltere/university-of-central-lancashire-uclan/,301,institution/university -- UK university profile (220w). Extractable: city=true ranking=true founded=true departments=true logo=false
https://happyeducation.uk/universiteler/aston-university-2/,https://happyeducation.uk/tr/universiteler/ingiltere/aston-university/,301,institution/university -- UK university profile (218w). Extractable: city=true ranking=true founded=true departments=true logo=false
https://happyeducation.uk/universiteler/university-of-southampton-2/,https://happyeducation.uk/tr/universiteler/ingiltere/university-of-southampton/,301,institution/university -- UK university profile (223w). Extractable: city=true ranking=true founded=true departments=true logo=false
https://happyeducation.uk/universiteler/university-of-sunderland-2/,https://happyeducation.uk/tr/universiteler/ingiltere/university-of-sunderland/,301,institution/university -- UK university profile (192w). Extractable: city=true ranking=false founded=true departments=true logo=true
https://happyeducation.uk/universiteler/henley-business-school-2/,https://happyeducation.uk/tr/universiteler/ingiltere/henley-business-school/,301,institution/university -- UK university profile (140w). Extractable: city=true ranking=false founded=true departments=true logo=true
https://happyeducation.uk/universiteler/university-of-reading-2/,https://happyeducation.uk/tr/universiteler/ingiltere/university-of-reading/,301,institution/university -- UK university profile (171w). Extractable: city=true ranking=false founded=true departments=true logo=true
https://happyeducation.uk/universiteler/london-south-bank-university/,https://happyeducation.uk/tr/universiteler/ingiltere/london-south-bank-university/,301,institution/university -- UK university profile (145w). Extractable: city=true ranking=true founded=true departments=true logo=true
https://happyeducation.uk/universiteler/university-of-hull-2/,https://happyeducation.uk/tr/universiteler/ingiltere/university-of-hull/,301,institution/university -- UK university profile (139w). Extractable: city=true ranking=true founded=true departments=true logo=true
https://happyeducation.uk/universiteler/loughborough-university-2/,https://happyeducation.uk/tr/universiteler/ingiltere/loughborough-university/,301,institution/university -- UK university profile (173w). Extractable: city=true ranking=true founded=true departments=true logo=true
https://happyeducation.uk/universiteler/uwe-bristol-2/,https://happyeducation.uk/tr/universiteler/ingiltere/uwe-bristol/,301,institution/university -- UK university profile (152w). Extractable: city=true ranking=false founded=true departments=true logo=true
https://happyeducation.uk/universiteler/university-of-birmingham-2/,https://happyeducation.uk/tr/universiteler/ingiltere/university-of-birmingham/,301,institution/university -- UK university profile (224w). Extractable: city=true ranking=true founded=true departments=true logo=true
https://happyeducation.uk/universiteler/queen-mary-university/,https://happyeducation.uk/tr/universiteler/ingiltere/queen-mary-university/,301,institution/university -- UK university profile (223w). Extractable: city=true ranking=true founded=true departments=true logo=true
https://happyeducation.uk/universiteler/tedi-london-2/,https://happyeducation.uk/tr/universiteler/ingiltere/tedi-london/,301,institution/university -- UK university profile (137w). Extractable: city=false ranking=false founded=false departments=true logo=true
https://happyeducation.uk/universiteler/university-of-bristol-2/,https://happyeducation.uk/tr/universiteler/ingiltere/university-of-bristol/,301,institution/university -- UK university profile (192w). Extractable: city=true ranking=true founded=true departments=true logo=true
https://happyeducation.uk/universiteler/university-of-essex-2/,https://happyeducation.uk/tr/universiteler/ingiltere/university-of-essex/,301,institution/university -- UK university profile (133w). Extractable: city=true ranking=true founded=true departments=true logo=true
https://happyeducation.uk/universiteler/university-of-brighton-2/,https://happyeducation.uk/tr/universiteler/ingiltere/university-of-brighton/,301,institution/university -- UK university profile (191w). Extractable: city=true ranking=true founded=true departments=true logo=true
https://happyeducation.uk/universiteler/nottingham-trent-university-2/,https://happyeducation.uk/tr/universiteler/ingiltere/nottingham-trent-university/,301,institution/university -- UK university profile (158w). Extractable: city=true ranking=true founded=true departments=true logo=true
https://happyeducation.uk/universiteler/university-of-nottingham/,https://happyeducation.uk/tr/universiteler/ingiltere/university-of-nottingham/,301,institution/university -- UK university profile (123w). Extractable: city=true ranking=true founded=true departments=true logo=true
https://happyeducation.uk/universiteler/university-of-glasgow-2/,https://happyeducation.uk/tr/universiteler/ingiltere/university-of-glasgow/,301,institution/university -- UK university profile (175w). Extractable: city=true ranking=true founded=true departments=true logo=true
https://happyeducation.uk/universiteler/bournemouth-university-2/,https://happyeducation.uk/tr/universiteler/ingiltere/bournemouth-university/,301,institution/university -- UK university profile (221w). Extractable: city=true ranking=true founded=true departments=true logo=true
https://happyeducation.uk/universiteler/university-of-westminster/,https://happyeducation.uk/tr/universiteler/ingiltere/university-of-westminster/,301,institution/university -- UK university profile (206w). Extractable: city=true ranking=true founded=true departments=true logo=true
https://happyeducation.uk/universiteler/university-of-liverpool/,https://happyeducation.uk/tr/universiteler/ingiltere/university-of-liverpool/,301,institution/university -- UK university profile (190w). Extractable: city=true ranking=true founded=true departments=true logo=true
https://happyeducation.uk/universiteler/university-of-york/,https://happyeducation.uk/tr/universiteler/ingiltere/university-of-york/,301,institution/university -- UK university profile (233w). Extractable: city=true ranking=true founded=true departments=true logo=true
https://happyeducation.uk/universiteler/university-of-south-wales/,https://happyeducation.uk/tr/universiteler/ingiltere/university-of-south-wales/,301,institution/university -- UK university profile (190w). Extractable: city=true ranking=false founded=true departments=true logo=true
https://happyeducation.uk/universiteler/northumbria-university-2/,https://happyeducation.uk/tr/universiteler/ingiltere/northumbria-university/,301,institution/university -- UK university profile (132w). Extractable: city=true ranking=true founded=true departments=true logo=true
https://happyeducation.uk/universiteler/university-of-roehampton-2/,https://happyeducation.uk/tr/universiteler/ingiltere/university-of-roehampton/,301,institution/university -- UK university profile (151w). Extractable: city=true ranking=false founded=true departments=true logo=true
https://happyeducation.uk/universiteler/solent-university-2/,https://happyeducation.uk/tr/universiteler/ingiltere/solent-university/,301,institution/university -- UK university profile (215w). Extractable: city=true ranking=true founded=true departments=true logo=true
https://happyeducation.uk/universiteler/teesside-university/,https://happyeducation.uk/tr/universiteler/ingiltere/teesside-university/,301,institution/university -- UK university profile (208w). Extractable: city=true ranking=true founded=true departments=true logo=true
https://happyeducation.uk/universiteler/royal-holloway-university-2/,https://happyeducation.uk/tr/universiteler/ingiltere/royal-holloway-university/,301,institution/university -- UK university profile (222w). Extractable: city=true ranking=true founded=true departments=true logo=true
https://happyeducation.uk/universiteler/university-of-strathclyde/,https://happyeducation.uk/tr/universiteler/ingiltere/university-of-strathclyde/,301,institution/university -- UK university profile (118w). Extractable: city=true ranking=true founded=true departments=true logo=true
https://happyeducation.uk/universiteler/dublin-international-study-centre-2/,https://happyeducation.uk/tr/universiteler/irlanda/dublin-international-study-centre/,301,"KEEP URL, REWRITE CONTENT -- 25 words, legacy English template husk; Irish, mis-filed under UK universities"
https://happyeducation.uk/universiteler/cardiff-university-2/,https://happyeducation.uk/tr/universiteler/ingiltere/cardiff-university/,301,institution/university -- UK university profile (142w). Extractable: city=true ranking=true founded=true departments=true logo=true
https://happyeducation.uk/universiteler/university-of-aberdeen-2/,https://happyeducation.uk/tr/universiteler/ingiltere/university-of-aberdeen/,301,institution/university -- UK university profile (202w). Extractable: city=true ranking=true founded=true departments=true logo=true
https://happyeducation.uk/universiteler/liverpool-john-moores-university-2/,https://happyeducation.uk/tr/universiteler/ingiltere/liverpool-john-moores-university/,301,institution/university -- UK university profile (103w). Extractable: city=true ranking=true founded=true departments=true logo=true
https://happyeducation.uk/universiteler/leeds-beckett-university-2/,https://happyeducation.uk/tr/universiteler/ingiltere/leeds-beckett-university/,301,institution/university -- UK university profile (202w). Extractable: city=true ranking=true founded=true departments=true logo=true
https://happyeducation.uk/universiteler/university-of-leeds/,https://happyeducation.uk/tr/universiteler/ingiltere/university-of-leeds/,301,institution/university -- UK university profile (187w). Extractable: city=true ranking=true founded=true departments=true logo=true
https://happyeducation.uk/universiteler/kingston-university-2/,https://happyeducation.uk/tr/universiteler/ingiltere/kingston-university/,301,institution/university -- UK university profile (151w). Extractable: city=true ranking=true founded=true departments=true logo=true
https://happyeducation.uk/universiteler/university-of-sheffield/,https://happyeducation.uk/tr/universiteler/ingiltere/university-of-sheffield/,301,institution/university -- UK university profile (136w). Extractable: city=true ranking=true founded=true departments=true logo=false
https://happyeducation.uk/universiteler/university-of-huddersfield/,https://happyeducation.uk/tr/universiteler/ingiltere/university-of-huddersfield/,301,institution/university -- UK university profile (167w). Extractable: city=true ranking=true founded=true departments=true logo=true
https://happyeducation.uk/universiteler/durham-university-2/,https://happyeducation.uk/tr/universiteler/ingiltere/durham-university/,301,institution/university -- UK university profile (157w). Extractable: city=true ranking=true founded=true departments=true logo=true
https://happyeducation.uk/universiteler/university-of-surrey-2/,https://happyeducation.uk/tr/universiteler/ingiltere/university-of-surrey/,301,institution/university -- UK university profile (135w). Extractable: city=true ranking=true founded=true departments=true logo=true
https://happyeducation.uk/universiteler/university-of-sussex-2/,https://happyeducation.uk/tr/universiteler/ingiltere/university-of-sussex/,301,institution/university -- UK university profile (268w). Extractable: city=true ranking=true founded=true departments=true logo=true
https://happyeducation.uk/universiteler/bangor-university-2/,https://happyeducation.uk/tr/universiteler/ingiltere/bangor-university/,301,institution/university -- UK university profile (201w). Extractable: city=true ranking=true founded=true departments=true logo=true
https://happyeducation.uk/universiteler/edinburgh-napier-university-2/,https://happyeducation.uk/tr/universiteler/ingiltere/edinburgh-napier-university/,301,institution/university -- UK university profile (167w). Extractable: city=true ranking=false founded=true departments=true logo=false
https://happyeducation.uk/universiteler/university-of-bradford-2/,https://happyeducation.uk/tr/universiteler/ingiltere/university-of-bradford/,301,institution/university -- UK university profile (151w). Extractable: city=true ranking=true founded=true departments=true logo=true
https://happyeducation.uk/universiteler/university-of-dundee/,https://happyeducation.uk/tr/universiteler/ingiltere/university-of-dundee/,301,institution/university -- UK university profile (121w). Extractable: city=true ranking=true founded=true departments=true logo=true
https://happyeducation.uk/universiteler/de-montfort-university-2/,https://happyeducation.uk/tr/universiteler/ingiltere/de-montfort-university/,301,institution/university -- UK university profile (128w). Extractable: city=true ranking=true founded=true departments=true logo=true
https://happyeducation.uk/universiteler/university-of-greenwich/,https://happyeducation.uk/tr/universiteler/ingiltere/university-of-greenwich/,301,institution/university -- UK university profile (178w). Extractable: city=true ranking=true founded=true departments=false logo=true
https://happyeducation.uk/universiteler/university-of-manchester/,https://happyeducation.uk/tr/universiteler/ingiltere/university-of-manchester/,301,institution/university -- UK university profile (190w). Extractable: city=true ranking=true founded=true departments=true logo=true
https://happyeducation.uk/universiteler/city-university-of-london/,https://happyeducation.uk/tr/universiteler/ingiltere/city-university-of-london/,301,institution/university -- UK university profile (156w). Extractable: city=true ranking=true founded=true departments=false logo=true
https://happyeducation.uk/universiteler/newcastle-university/,https://happyeducation.uk/tr/universiteler/ingiltere/newcastle-university/,301,institution/university -- UK university profile (163w). Extractable: city=true ranking=true founded=true departments=true logo=true
https://happyeducation.uk/universiteler/university-of-exeter-2/,https://happyeducation.uk/tr/universiteler/ingiltere/university-of-exeter/,301,institution/university -- UK university profile (206w). Extractable: city=true ranking=true founded=true departments=true logo=true
https://happyeducation.uk/universiteler/queens-university-belfast/,https://happyeducation.uk/tr/universiteler/ingiltere/queens-university-belfast/,301,institution/university -- UK university profile (163w). Extractable: city=true ranking=true founded=true departments=true logo=true
https://happyeducation.uk/universiteler/university-of-east-anglia/,https://happyeducation.uk/tr/universiteler/ingiltere/university-of-east-anglia/,301,institution/university -- UK university profile (199w). Extractable: city=true ranking=true founded=true departments=false logo=true
https://happyeducation.uk/universiteler/university-of-stirling-2/,https://happyeducation.uk/tr/universiteler/ingiltere/university-of-stirling/,301,institution/university -- UK university profile (165w). Extractable: city=true ranking=true founded=true departments=true logo=true
https://happyeducation.uk/universiteler/manchester-metropolitan-university-2/,https://happyeducation.uk/tr/universiteler/ingiltere/manchester-metropolitan-university/,301,"KEEP URL, REWRITE CONTENT -- Body text is 92% contained in the University of Manchester page - wrong institution described"
https://happyeducation.uk/universiteler/university-of-hertfordshire/,https://happyeducation.uk/tr/universiteler/ingiltere/university-of-hertfordshire/,301,institution/university -- UK university profile (150w). Extractable: city=true ranking=true founded=true departments=true logo=true
https://happyeducation.uk/universiteler/university-of-portsmouth-2/,https://happyeducation.uk/tr/universiteler/ingiltere/university-of-portsmouth/,301,"KEEP URL, REWRITE CONTENT -- 23 words, legacy English template husk (Jaccard 0.50 with Birmingham City)"
https://happyeducation.uk/universiteler/robert-gordon-university/,https://happyeducation.uk/tr/universiteler/ingiltere/robert-gordon-university/,301,institution/university -- UK university profile (188w). Extractable: city=true ranking=true founded=true departments=true logo=true
https://happyeducation.uk/universiteler/swansea-university/,https://happyeducation.uk/tr/universiteler/ingiltere/swansea-university/,301,institution/university -- UK university profile (190w). Extractable: city=true ranking=true founded=true departments=true logo=true
https://happyeducation.uk/universiteler/brunel-university/,https://happyeducation.uk/tr/universiteler/ingiltere/brunel-university/,301,institution/university -- UK university profile (189w). Extractable: city=true ranking=true founded=true departments=true logo=true
https://happyeducation.uk/universiteler/plymouth-university/,https://happyeducation.uk/tr/universiteler/ingiltere/plymouth-university/,301,institution/university -- UK university profile (208w). Extractable: city=true ranking=true founded=true departments=true logo=true
https://happyeducation.uk/universiteler/university-of-northampton/,https://happyeducation.uk/tr/universiteler/ingiltere/university-of-northampton/,301,institution/university -- UK university profile (194w). Extractable: city=true ranking=true founded=true departments=true logo=true
https://happyeducation.uk/universiteler/keele-university/,https://happyeducation.uk/tr/universiteler/ingiltere/keele-university/,301,institution/university -- UK university profile (148w). Extractable: city=true ranking=true founded=true departments=true logo=true
https://happyeducation.uk/universiteler/university-academy-92/,https://happyeducation.uk/tr/universiteler/ingiltere/university-academy-92/,301,institution/university -- UK university profile (199w). Extractable: city=true ranking=false founded=true departments=true logo=true
https://happyeducation.uk/universiteler/leicester-university/,https://happyeducation.uk/tr/universiteler/ingiltere/leicester-university/,301,institution/university -- UK university profile (173w). Extractable: city=true ranking=true founded=true departments=true logo=true
https://happyeducation.uk/universiteler/anglia-ruskin-university/,https://happyeducation.uk/tr/universiteler/ingiltere/anglia-ruskin-university/,301,institution/university -- UK university profile (170w). Extractable: city=true ranking=true founded=true departments=true logo=true
https://happyeducation.uk/universiteler/birmingham-city-university/,https://happyeducation.uk/tr/universiteler/ingiltere/birmingham-city-university/,301,"KEEP URL, REWRITE CONTENT -- 21 words, legacy ""Address/Prices/IELTS + APPLY NOW"" template, English only"
https://happyeducation.uk/universiteler/,https://happyeducation.uk/tr/universiteler/ingiltere/universiteler/,301,"institution/university -- Non-UK university profile (221w, GB) sitting at the site root instead of under /universiteler/"
https://happyeducation.uk/yaz-okullari/grup-yaz-okullari/islington-centre-for-english/,https://happyeducation.uk/tr/dil-okullari/islington-centrefor-english/,301,MERGE into /dil-okullari/islington-centrefor-english/ -- 58w English spec-card duplicating the 150w Turkish Islington page
https://happyeducation.uk/yaz-okullari/grup-yaz-okullari/oxford-house-college/,https://happyeducation.uk/tr/yaz-okullari/oxford-house-college/,301,"KEEP URL, REWRITE CONTENT -- 53-word English spec-card, no prose"
https://happyeducation.uk/yaz-okullari/grup-yaz-okullari/guildhouse-school-london2/,https://happyeducation.uk/tr/yaz-okullari/guildhouse-school-london/,301,MERGE into /yaz-okullari/bireysel-yaz-okullari/guildhouse-school-london/ -- 53w English spec-card duplicating the 208w Turkish Guildhouse page
https://happyeducation.uk/yaz-okullari/grup-yaz-okullari/cambridge-chesterton/,https://happyeducation.uk/tr/yaz-okullari/cambridge-chesterton/,301,"KEEP URL, REWRITE CONTENT -- 45-word English spec-card, no prose; city name misspelt ""Chercheston"" on the parent hub"
https://happyeducation.uk/yaz-okullari/grup-yaz-okullari/university-college-london/,https://happyeducation.uk/tr/yaz-okullari/university-college-london/,301,MERGE into /university-college-london/ -- 35w English spec-card; the 179w Turkish root page covers the same UCL summer programme
https://happyeducation.uk/yaz-okullari/grup-yaz-okullari/bath/,https://happyeducation.uk/tr/yaz-okullari/bath/,301,"KEEP URL, REWRITE CONTENT -- 32-word English spec-card, no prose"
https://happyeducation.uk/yaz-okullari/grup-yaz-okullari/kingston-london/,https://happyeducation.uk/tr/yaz-okullari/kingston-london/,301,summerProgramme -- Summer programme (138w). Extractable: dates=true ageRange=true lessons/wk=- groupSize=false
https://happyeducation.uk/yaz-okullari/grup-yaz-okullari/uxbridge-london/,https://happyeducation.uk/tr/yaz-okullari/uxbridge-london/,301,summerProgramme -- Summer programme (151w). Extractable: dates=true ageRange=true lessons/wk=- groupSize=true
https://happyeducation.uk/yaz-okullari/grup-yaz-okullari/london-kings-college/,https://happyeducation.uk/tr/yaz-okullari/london-kings-college/,301,MERGE into /london-kings-college/ -- 175w vs 181w near-identical KCL summer programme; root version carries the price
https://happyeducation.uk/yaz-okullari/grup-yaz-okullari/windsor/,https://happyeducation.uk/tr/yaz-okullari/windsor/,301,summerProgramme -- Summer programme (171w). Extractable: dates=false ageRange=false lessons/wk=- groupSize=false
https://happyeducation.uk/yaz-okullari/grup-yaz-okullari/queen-mary-university-of-london/,https://happyeducation.uk/tr/yaz-okullari/queen-mary-university-of-london/,301,summerProgramme -- Summer programme (145w). Extractable: dates=true ageRange=true lessons/wk=15 groupSize=true
https://happyeducation.uk/yaz-okullari/grup-yaz-okullari/university-of-chester/,https://happyeducation.uk/tr/yaz-okullari/university-of-chester/,301,summerProgramme -- Summer programme (228w). Extractable: dates=false ageRange=false lessons/wk=15 groupSize=false
https://happyeducation.uk/yaz-okullari/grup-yaz-okullari/london-ucfb-wembley/,https://happyeducation.uk/tr/yaz-okullari/london-ucfb-wembley/,301,summerProgramme -- Summer programme (198w). Extractable: dates=false ageRange=false lessons/wk=15 groupSize=false
https://happyeducation.uk/yaz-okullari/bireysel-yaz-okullari/ep-london-stratford-2/,https://happyeducation.uk/tr/yaz-okullari/ep-london-stratford/,301,summerProgramme -- Summer programme (203w). Extractable: dates=false ageRange=false lessons/wk=20 groupSize=false
https://happyeducation.uk/yaz-okullari/bireysel-yaz-okullari/lsi-london-hampstead/,https://happyeducation.uk/tr/yaz-okullari/lsi-london-hampstead/,301,summerProgramme -- Summer programme (219w). Extractable: dates=false ageRange=false lessons/wk=20 groupSize=false
https://happyeducation.uk/yaz-okullari/bireysel-yaz-okullari/st-giles-london-central/,https://happyeducation.uk/tr/yaz-okullari/st-giles-london-central/,301,summerProgramme -- Summer programme (226w). Extractable: dates=false ageRange=false lessons/wk=17 groupSize=false
https://happyeducation.uk/yaz-okullari/bireysel-yaz-okullari/guildhouse-school-london/,https://happyeducation.uk/tr/yaz-okullari/guildhouse-school-london/,301,summerProgramme -- Summer programme (208w). Extractable: dates=false ageRange=false lessons/wk=15 groupSize=false
https://happyeducation.uk/yaz-okullari/bireysel-yaz-okullari/cats-cambridge/,https://happyeducation.uk/tr/yaz-okullari/cats-cambridge/,301,"KEEP URL, REWRITE CONTENT -- 44-word English spec-card for a CATS Cambridge summer programme; the 355w /yatili-okullar2/cats-cambridge-2/ page is the boarding-school record, a different product - do not merge them"
https://happyeducation.uk/yaz-okullari/bireysel-yaz-okullari/twin-edinburgh-2/,https://happyeducation.uk/tr/yaz-okullari/twin-edinburgh/,301,summerProgramme -- Summer programme (204w). Extractable: dates=false ageRange=false lessons/wk=15 groupSize=false
https://happyeducation.uk/yaz-okullari/bireysel-yaz-okullari/twin-london-docklands/,https://happyeducation.uk/tr/yaz-okullari/twin-london-docklands/,301,summerProgramme -- Summer programme (207w). Extractable: dates=false ageRange=false lessons/wk=15 groupSize=false
https://happyeducation.uk/yaz-okullari/bireysel-yaz-okullari/sir-edward-kings-ely/,https://happyeducation.uk/tr/yaz-okullari/sir-edward-kings-ely/,301,summerProgramme -- Summer programme (226w). Extractable: dates=false ageRange=false lessons/wk=15 groupSize=false
https://happyeducation.uk/yatili-okullar2/mill-hill-school-2/,https://happyeducation.uk/tr/yatili-okullar/mill-hill-school/,301,institution/boardingSchool -- Boarding school (365w). Extractable: fees=true programmes=true accommodation=true
https://happyeducation.uk/yatili-okullar2/david-game-college-2/,https://happyeducation.uk/tr/yatili-okullar/david-game-college/,301,institution/boardingSchool -- Boarding school (398w). Extractable: fees=true programmes=true accommodation=true
https://happyeducation.uk/yatili-okullar2/hendon-prep-school-2/,https://happyeducation.uk/tr/yatili-okullar/hendon-prep-school/,301,institution/boardingSchool -- Boarding school (424w). Extractable: fees=true programmes=true accommodation=true
https://happyeducation.uk/yatili-okullar2/north-london-grammar-school-2/,https://happyeducation.uk/tr/yatili-okullar/north-london-grammar-school/,301,institution/boardingSchool -- Boarding school (268w). Extractable: fees=true programmes=false accommodation=true
https://happyeducation.uk/dil-okullari/top-up-learning/,https://happyeducation.uk/tr/dil-okullari/top-up-learning/,301,"languageSchool -- Provider/brand overview page (289w) - becomes a languageSchool ""brand"" record with child branches"
https://happyeducation.uk/dil-okullari/islington-centrefor-english/,https://happyeducation.uk/tr/dil-okullari/islington-centrefor-english/,301,"languageSchool -- Provider/brand overview page (150w) - becomes a languageSchool ""brand"" record with child branches"
https://happyeducation.uk/dil-okullari/oxford-house/,https://happyeducation.uk/tr/dil-okullari/oxford-house/,301,"languageSchool -- Provider/brand overview page (176w) - becomes a languageSchool ""brand"" record with child branches"
https://happyeducation.uk/dil-okullari/lsi-education/,https://happyeducation.uk/tr/dil-okullari/lsi-education/,301,"languageSchool -- Provider/brand overview page (189w) - becomes a languageSchool ""brand"" record with child branches"
https://happyeducation.uk/dil-okullari/international-house/,https://happyeducation.uk/tr/dil-okullari/international-house/,301,"languageSchool -- Provider/brand overview page (208w) - becomes a languageSchool ""brand"" record with child branches"
https://happyeducation.uk/dil-okullari/stafford-house/,https://happyeducation.uk/tr/dil-okullari/stafford-house/,301,"languageSchool -- Provider/brand overview page (185w) - becomes a languageSchool ""brand"" record with child branches"
https://happyeducation.uk/dil-okullari/kaplan-international/,https://happyeducation.uk/tr/dil-okullari/kaplan-international/,301,"languageSchool -- Provider/brand overview page (188w) - becomes a languageSchool ""brand"" record with child branches"
https://happyeducation.uk/dil-okullari/st-giles/,https://happyeducation.uk/tr/dil-okullari/st-giles/,301,"languageSchool -- Provider/brand overview page (193w) - becomes a languageSchool ""brand"" record with child branches"
https://happyeducation.uk/yaz-okullari/bireysel-yaz-okullari/sir-michael-cambridge/,https://happyeducation.uk/tr/yaz-okullari/sir-michael-cambridge/,301,summerProgramme -- Summer programme (199w). Extractable: dates=false ageRange=false lessons/wk=15 groupSize=false
https://happyeducation.uk/yaz-okullari/bireysel-yaz-okullari/sir-laurence-cambridge/,https://happyeducation.uk/tr/yaz-okullari/sir-laurence-cambridge/,301,summerProgramme -- Summer programme (212w). Extractable: dates=false ageRange=false lessons/wk=21 groupSize=false
https://happyeducation.uk/yaz-okullari/bireysel-yaz-okullari/skola-regents-park-2/,https://happyeducation.uk/tr/yaz-okullari/skola-regents-park/,301,summerProgramme -- Summer programme (214w). Extractable: dates=false ageRange=false lessons/wk=15 groupSize=false
https://happyeducation.uk/dil-okullari/english-studio/,https://happyeducation.uk/tr/dil-okullari/english-studio/,301,"languageSchool -- Provider/brand overview page (176w) - becomes a languageSchool ""brand"" record with child branches"
https://happyeducation.uk/dil-okullari/english-path/,https://happyeducation.uk/tr/dil-okullari/english-path/,301,"languageSchool -- Provider/brand overview page (247w) - becomes a languageSchool ""brand"" record with child branches"
https://happyeducation.uk/dil-okullari/ec-english/,https://happyeducation.uk/tr/dil-okullari/ec-english/,301,"languageSchool -- Provider/brand overview page (170w) - becomes a languageSchool ""brand"" record with child branches"
https://happyeducation.uk/yaz-okullari/grup-yaz-okullari/,https://happyeducation.uk/tr/yaz-okullari/grup/,301,MERGE into /grup-yaz-okullari/ -- Link-list stub (35w) duplicating the 416w root hub of the same title
https://happyeducation.uk/yaz-okullari/,https://happyeducation.uk/tr/yaz-okullari/,301,"SUPERSEDED -- 6-word nav stub (""Individual Summer Schools / Group Summer Schools""); /summer-schools/ carries the real 901w hub content"
https://happyeducation.uk/yaz-okullari/bireysel-yaz-okullari/,https://happyeducation.uk/tr/yaz-okullari/,301,MERGE into /bireysel-yaz-okullari/ -- Link-list stub (31w) duplicating the 529w root hub of the same title
https://happyeducation.uk/yatili-okullar2/the-worthgate-school-canterbury-2/,https://happyeducation.uk/tr/yatili-okullar/the-worthgate-school-canterbury/,301,institution/boardingSchool -- Boarding school (247w). Extractable: fees=false programmes=false accommodation=true
https://happyeducation.uk/yatili-okullar2/guildhouse-school-london-2/,https://happyeducation.uk/tr/yatili-okullar/guildhouse-school-london/,301,institution/boardingSchool -- Boarding school (270w). Extractable: fees=false programmes=false accommodation=true
https://happyeducation.uk/dil-okullari/,https://happyeducation.uk/tr/universiteler/amerika/dil-okullari/,301,"institution/university -- Non-UK university profile (26w, US) sitting at the site root instead of under /universiteler/"
https://happyeducation.uk/anasayfa/testimonial/,,410,410 Theme demo testimonials - fake names (Blaise Matuidi) + demo copy
https://happyeducation.uk/anasayfa/blog/,https://happyeducation.uk/tr/blog/,301,SUPERSEDED -- 0-word empty Elementor container standing in for the blog index; the 18 real posts are not linked from it and are absent from the XML sitemap
https://happyeducation.uk/yatili-okullar2/cats-cambridge-2/,https://happyeducation.uk/tr/yatili-okullar/cats-cambridge/,301,institution/boardingSchool -- Boarding school (355w). Extractable: fees=true programmes=false accommodation=true
https://happyeducation.uk/anasayfa/iletisim/,https://happyeducation.uk/tr/iletisim/,301,"page -- Real contact page: 5 named staff, +44 7735 826785, admin@happyeducation.uk. Office address is missing on both language versions"
https://happyeducation.uk/anasayfa/hakkimizda/,https://happyeducation.uk/tr/hakkimizda/,301,"page -- Genuine About copy incl. founding year 2018, 500+ university placements, 700+ language/summer placements (claims need business verification)"
https://happyeducation.uk/yurtdisinda-universite-okurken-calismak/,https://happyeducation.uk/tr/blog/yurtdisinda-universite-okurken-calismak/,301,"article -- Genuine long-form Turkish editorial (923 words), the strongest content asset on the site"
https://happyeducation.uk/dunyanin-en-iyi-universiteleri/,https://happyeducation.uk/tr/blog/dunyanin-en-iyi-universiteleri/,301,"article -- Genuine long-form Turkish editorial (1033 words), the strongest content asset on the site"
https://happyeducation.uk/ingiltere-yaz-okulu-bavul-hazirligi/,https://happyeducation.uk/tr/blog/ingiltere-yaz-okulu-bavul-hazirligi/,301,"article -- Genuine long-form Turkish editorial (948 words), the strongest content asset on the site"
https://happyeducation.uk/yaz-okulunda-guvenlik-ve-konaklama/,https://happyeducation.uk/tr/blog/yaz-okulunda-guvenlik-ve-konaklama/,301,"article -- Genuine long-form Turkish editorial (1079 words), the strongest content asset on the site"
https://happyeducation.uk/en-populer-yaz-okulu-sehirleri/,https://happyeducation.uk/tr/blog/en-populer-yaz-okulu-sehirleri/,301,"article -- Genuine long-form Turkish editorial (816 words), the strongest content asset on the site"
https://happyeducation.uk/yaz-okulu-karsilastirmasi/,https://happyeducation.uk/tr/blog/yaz-okulu-karsilastirmasi/,301,"article -- Genuine long-form Turkish editorial (715 words), the strongest content asset on the site"
https://happyeducation.uk/en-uygun-fiyatli-ingilizce-kursu/,https://happyeducation.uk/tr/blog/en-uygun-fiyatli-ingilizce-kursu/,301,"article -- Genuine long-form Turkish editorial (907 words), the strongest content asset on the site"
https://happyeducation.uk/neden-ingiltere-yaz-okulu/,https://happyeducation.uk/tr/blog/neden-ingiltere-yaz-okulu/,301,"article -- Genuine long-form Turkish editorial (829 words), the strongest content asset on the site"
https://happyeducation.uk/is-ingilizcesi-icin-ingiltere-mi-amerika-mi/,https://happyeducation.uk/tr/blog/is-ingilizcesi-icin-ingiltere-mi-amerika-mi/,301,"article -- Genuine long-form Turkish editorial (831 words), the strongest content asset on the site"
https://happyeducation.uk/yurtdisinda-dil-egitimi-gunluk-hayatta-ingilizce-pratigi/,https://happyeducation.uk/tr/blog/yurtdisinda-dil-egitimi-gunluk-hayatta-ingilizce-pratigi/,301,"article -- Genuine long-form Turkish editorial (849 words), the strongest content asset on the site"
https://happyeducation.uk/ingiltere-mi-malta-mi/,https://happyeducation.uk/tr/blog/ingiltere-mi-malta-mi/,301,"article -- Genuine long-form Turkish editorial (805 words), the strongest content asset on the site"
https://happyeducation.uk/cocugunuzu-yurtdisinda-egitime-hazirliyorsaniz/,https://happyeducation.uk/tr/blog/cocugunuzu-yurtdisinda-egitime-hazirliyorsaniz/,301,"article -- Genuine long-form Turkish editorial (864 words), the strongest content asset on the site"
https://happyeducation.uk/vize-basvurusunda-en-sik-yapilan-hatalar-ve-cozumleri/,https://happyeducation.uk/tr/blog/vize-basvurusunda-en-sik-yapilan-hatalar-ve-cozumleri/,301,"article -- Genuine long-form Turkish editorial (849 words), the strongest content asset on the site"
https://happyeducation.uk/dil-okulu-secerken-dikkat-edilmesi-gerekenler/,https://happyeducation.uk/tr/blog/dil-okulu-secerken-dikkat-edilmesi-gerekenler/,301,"article -- Genuine long-form Turkish editorial (893 words), the strongest content asset on the site"
https://happyeducation.uk/yurtdisina-cikmadan-once-yapilmasi-gereken-7-hazirlik/,https://happyeducation.uk/tr/blog/yurtdisina-cikmadan-once-yapilmasi-gereken-7-hazirlik/,301,"article -- Genuine long-form Turkish editorial (718 words), the strongest content asset on the site"
https://happyeducation.uk/en-populer-yurtdisi-egitim-ulkeleri-ingiltere-kanada-malta-ve-irlanda-karsilastirmasi/,https://happyeducation.uk/tr/blog/en-populer-yurtdisi-egitim-ulkeleri-ingiltere-kanada-malta-ve-irlanda-karsilastirmasi/,301,"article -- Genuine long-form Turkish editorial (958 words), the strongest content asset on the site"
https://happyeducation.uk/yurtdisinda-dil-egitimi-almanin-kariyerinize-10-faydasi/,https://happyeducation.uk/tr/blog/yurtdisinda-dil-egitimi-almanin-kariyerinize-10-faydasi/,301,"article -- Genuine long-form Turkish editorial (828 words), the strongest content asset on the site"
https://happyeducation.uk/yurtdisi-egitim-danismanligi-neden-onemli/,https://happyeducation.uk/tr/blog/yurtdisi-egitim-danismanligi-neden-onemli/,301,"article -- Genuine long-form Turkish editorial (890 words), the strongest content asset on the site"
https://happyeducation.uk/sitemap.html,,410,410 HTML sitemap generated by google-sitemap-generator plugin
https://happyeducation.uk/find-the-right-learning-path-for-your-group-course-online/,,410,410 Eduma theme demo post (English lorem-style demo content)
https://happyeducation.uk/learn-by-doing-with-real-world-projects-other-countries/,,410,410 Eduma theme demo post
https://happyeducation.uk/strategic-social-media-evolution-of-visual-design/,,410,410 Eduma theme demo post
https://happyeducation.uk/home/blog/,https://happyeducation.uk/en/blog/,301,"SUPERSEDED -- Eduma theme demo blog index (present in post-sitemap.xml, absent from the WP export)"
https://happyeducation.uk/yatili-okullar/north-london-grammar-school-2/,https://happyeducation.uk/tr/yatili-okullar/north-london-grammar-school/,301,"LEGACY ALIAS (currently a live WordPress 301 to /yatili-okullar2/north-london-grammar-school-2/, linked from the old hub pages) -- must be re-created on the new platform or the link equity is lost"
https://happyeducation.uk/yatili-okullar/oxford-international-college-2/,https://happyeducation.uk/tr/yatili-okullar/oxford-international-college-brighton/,301,"LEGACY ALIAS (currently a live WordPress 301 to /yatili-okullar2/oxford-international-college-2/, linked from the old hub pages) -- must be re-created on the new platform or the link equity is lost"
https://happyeducation.uk/boarding-schools/bosworth-independent-school/,https://happyeducation.uk/tr/yatili-okullar/bosworth-independent-school/,301,"LEGACY ALIAS (currently a live WordPress 301 to /yatili-okullar2/bosworth-independent-school/, linked from the old hub pages) -- must be re-created on the new platform or the link equity is lost"
https://happyeducation.uk/boarding-schools/north-bridge-house-school/,https://happyeducation.uk/tr/yatili-okullar/north-bridge-house-school/,301,"LEGACY ALIAS (currently a live WordPress 301 to /yatili-okullar2/north-bridge-house-school/, linked from the old hub pages) -- must be re-created on the new platform or the link equity is lost"
https://happyeducation.uk/boarding-schools/oxford-international-college-brighton/,https://happyeducation.uk/tr/yatili-okullar/oxford-international-college-brighton/,301,"LEGACY ALIAS (currently a live WordPress 301 to /yatili-okullar2/oxford-international-college-brighton/, linked from the old hub pages) -- must be re-created on the new platform or the link equity is lost"
https://happyeducation.uk/irlanda/,https://happyeducation.uk/tr/dil-okullari/irlanda/,301,"LEGACY ALIAS (currently a live WordPress 301 to /irlanda-dil-okullari/, linked from the old hub pages) -- must be re-created on the new platform or the link equity is lost"
https://happyeducation.uk/course/ingiltere-dil-okullari/,https://happyeducation.uk/tr/dil-okullari/ingiltere/,301,"LEGACY ALIAS (currently a live WordPress 301 to /dil-okullari/ingiltere-dil-okullari/, linked from the old hub pages) -- must be re-created on the new platform or the link equity is lost"
https://happyeducation.uk/universities/university-of-bradford-2/,https://happyeducation.uk/tr/universiteler/ingiltere/university-of-bradford/,301,"LEGACY ALIAS (currently a live WordPress 301 to /universiteler/university-of-bradford-2/, linked from the old hub pages) -- must be re-created on the new platform or the link equity is lost"
https://happyeducation.uk/universities/teesside-university/,https://happyeducation.uk/tr/universiteler/ingiltere/teesside-university/,301,"LEGACY ALIAS (currently a live WordPress 301 to /universiteler/teesside-university/, linked from the old hub pages) -- must be re-created on the new platform or the link equity is lost"
https://happyeducation.uk/universities/university-of-aberdeen-2/,https://happyeducation.uk/tr/universiteler/ingiltere/university-of-aberdeen/,301,"LEGACY ALIAS (currently a live WordPress 301 to /universiteler/university-of-aberdeen-2/, linked from the old hub pages) -- must be re-created on the new platform or the link equity is lost"
https://happyeducation.uk/universities/university-of-brighton-2/,https://happyeducation.uk/tr/universiteler/ingiltere/university-of-brighton/,301,"LEGACY ALIAS (currently a live WordPress 301 to /universiteler/university-of-brighton-2/, linked from the old hub pages) -- must be re-created on the new platform or the link equity is lost"
https://happyeducation.uk/universities/university-of-birmingham-2/,https://happyeducation.uk/tr/universiteler/ingiltere/university-of-birmingham/,301,"LEGACY ALIAS (currently a live WordPress 301 to /universiteler/university-of-birmingham-2/, linked from the old hub pages) -- must be re-created on the new platform or the link equity is lost"
https://happyeducation.uk/universities/cardiff-university-2/,https://happyeducation.uk/tr/universiteler/ingiltere/cardiff-university/,301,"LEGACY ALIAS (currently a live WordPress 301 to /universiteler/cardiff-university-2/, linked from the old hub pages) -- must be re-created on the new platform or the link equity is lost"
https://happyeducation.uk/universities/university-of-dundee/,https://happyeducation.uk/tr/universiteler/ingiltere/university-of-dundee/,301,"LEGACY ALIAS (currently a live WordPress 301 to /universiteler/university-of-dundee/, linked from the old hub pages) -- must be re-created on the new platform or the link equity is lost"
https://happyeducation.uk/universities/university-of-glasgow-2/,https://happyeducation.uk/tr/universiteler/ingiltere/university-of-glasgow/,301,"LEGACY ALIAS (currently a live WordPress 301 to /universiteler/university-of-glasgow-2/, linked from the old hub pages) -- must be re-created on the new platform or the link equity is lost"
https://happyeducation.uk/universities/university-of-hertfordshire/,https://happyeducation.uk/tr/universiteler/ingiltere/university-of-hertfordshire/,301,"LEGACY ALIAS (currently a live WordPress 301 to /universiteler/university-of-hertfordshire/, linked from the old hub pages) -- must be re-created on the new platform or the link equity is lost"
https://happyeducation.uk/universities/university-of-hull-2/,https://happyeducation.uk/tr/universiteler/ingiltere/university-of-hull/,301,"LEGACY ALIAS (currently a live WordPress 301 to /universiteler/university-of-hull-2/, linked from the old hub pages) -- must be re-created on the new platform or the link equity is lost"
https://happyeducation.uk/universities/queens-university-belfast/,https://happyeducation.uk/tr/universiteler/ingiltere/queens-university-belfast/,301,"LEGACY ALIAS (currently a live WordPress 301 to /universiteler/queens-university-belfast/, linked from the old hub pages) -- must be re-created on the new platform or the link equity is lost"
https://happyeducation.uk/universities/royal-veterinary-college/,https://happyeducation.uk/tr/universiteler/ingiltere/royal-veterinary-college/,301,"LEGACY ALIAS (currently a live WordPress 301 to /universiteler/royal-veterinary-college/, linked from the old hub pages) -- must be re-created on the new platform or the link equity is lost"
https://happyeducation.uk/universities/edinburgh-napier-university-2/,https://happyeducation.uk/tr/universiteler/ingiltere/edinburgh-napier-university/,301,"LEGACY ALIAS (currently a live WordPress 301 to /universiteler/edinburgh-napier-university-2/, linked from the old hub pages) -- must be re-created on the new platform or the link equity is lost"
https://happyeducation.uk/universities/university-of-roehampton-2/,https://happyeducation.uk/tr/universiteler/ingiltere/university-of-roehampton/,301,"LEGACY ALIAS (currently a live WordPress 301 to /universiteler/university-of-roehampton-2/, linked from the old hub pages) -- must be re-created on the new platform or the link equity is lost"
https://happyeducation.uk/universities/university-of-leeds/,https://happyeducation.uk/tr/universiteler/ingiltere/university-of-leeds/,301,"LEGACY ALIAS (currently a live WordPress 301 to /universiteler/university-of-leeds/, linked from the old hub pages) -- must be re-created on the new platform or the link equity is lost"
https://happyeducation.uk/universities/newcastle-university/,https://happyeducation.uk/tr/universiteler/ingiltere/newcastle-university/,301,"LEGACY ALIAS (currently a live WordPress 301 to /universiteler/newcastle-university/, linked from the old hub pages) -- must be re-created on the new platform or the link equity is lost"
https://happyeducation.uk/universities/university-of-nottingham/,https://happyeducation.uk/tr/universiteler/ingiltere/university-of-nottingham/,301,"LEGACY ALIAS (currently a live WordPress 301 to /universiteler/university-of-nottingham/, linked from the old hub pages) -- must be re-created on the new platform or the link equity is lost"
https://happyeducation.uk/universities/liverpool-john-moores-university-2/,https://happyeducation.uk/tr/universiteler/ingiltere/liverpool-john-moores-university/,301,"LEGACY ALIAS (currently a live WordPress 301 to /universiteler/liverpool-john-moores-university-2/, linked from the old hub pages) -- must be re-created on the new platform or the link equity is lost"
https://happyeducation.uk/universities/st-georges-university-of-london/,https://happyeducation.uk/tr/universiteler/ingiltere/st-georges-university-of-london/,301,"LEGACY ALIAS (currently a live WordPress 301 to /universiteler/st-georges-university-of-london/, linked from the old hub pages) -- must be re-created on the new platform or the link equity is lost"
https://happyeducation.uk/universities/university-academy-92/,https://happyeducation.uk/tr/universiteler/ingiltere/university-academy-92/,301,"LEGACY ALIAS (currently a live WordPress 301 to /universiteler/university-academy-92/, linked from the old hub pages) -- must be re-created on the new platform or the link equity is lost"
https://happyeducation.uk/universities/university-of-bristol-2/,https://happyeducation.uk/tr/universiteler/ingiltere/university-of-bristol/,301,"LEGACY ALIAS (currently a live WordPress 301 to /universiteler/university-of-bristol-2/, linked from the old hub pages) -- must be re-created on the new platform or the link equity is lost"
https://happyeducation.uk/universities/bournemouth-university-2/,https://happyeducation.uk/tr/universiteler/ingiltere/bournemouth-university/,301,"LEGACY ALIAS (currently a live WordPress 301 to /universiteler/bournemouth-university-2/, linked from the old hub pages) -- must be re-created on the new platform or the link equity is lost"
https://happyeducation.uk/universities/bangor-university-2/,https://happyeducation.uk/tr/universiteler/ingiltere/bangor-university/,301,"LEGACY ALIAS (currently a live WordPress 301 to /universiteler/bangor-university-2/, linked from the old hub pages) -- must be re-created on the new platform or the link equity is lost"
https://happyeducation.uk/universities/de-montfort-university-2/,https://happyeducation.uk/tr/universiteler/ingiltere/de-montfort-university/,301,"LEGACY ALIAS (currently a live WordPress 301 to /universiteler/de-montfort-university-2/, linked from the old hub pages) -- must be re-created on the new platform or the link equity is lost"
https://happyeducation.uk/universities/university-of-sunderland-2/,https://happyeducation.uk/tr/universiteler/ingiltere/university-of-sunderland/,301,"LEGACY ALIAS (currently a live WordPress 301 to /universiteler/university-of-sunderland-2/, linked from the old hub pages) -- must be re-created on the new platform or the link equity is lost"
https://happyeducation.uk/universities/durham-university-2/,https://happyeducation.uk/tr/universiteler/ingiltere/durham-university/,301,"LEGACY ALIAS (currently a live WordPress 301 to /universiteler/durham-university-2/, linked from the old hub pages) -- must be re-created on the new platform or the link equity is lost"
https://happyeducation.uk/universities/university-of-essex-2/,https://happyeducation.uk/tr/universiteler/ingiltere/university-of-essex/,301,"LEGACY ALIAS (currently a live WordPress 301 to /universiteler/university-of-essex-2/, linked from the old hub pages) -- must be re-created on the new platform or the link equity is lost"
https://happyeducation.uk/universities/university-of-south-wales/,https://happyeducation.uk/tr/universiteler/ingiltere/university-of-south-wales/,301,"LEGACY ALIAS (currently a live WordPress 301 to /universiteler/university-of-south-wales/, linked from the old hub pages) -- must be re-created on the new platform or the link equity is lost"
https://happyeducation.uk/universities/leeds-beckett-university-2/,https://happyeducation.uk/tr/universiteler/ingiltere/leeds-beckett-university/,301,"LEGACY ALIAS (currently a live WordPress 301 to /universiteler/leeds-beckett-university-2/, linked from the old hub pages) -- must be re-created on the new platform or the link equity is lost"
https://happyeducation.uk/universities/university-of-manchester/,https://happyeducation.uk/tr/universiteler/ingiltere/university-of-manchester/,301,"LEGACY ALIAS (currently a live WordPress 301 to /universiteler/university-of-manchester/, linked from the old hub pages) -- must be re-created on the new platform or the link equity is lost"
https://happyeducation.uk/universities/university-of-surrey-2/,https://happyeducation.uk/tr/universiteler/ingiltere/university-of-surrey/,301,"LEGACY ALIAS (currently a live WordPress 301 to /universiteler/university-of-surrey-2/, linked from the old hub pages) -- must be re-created on the new platform or the link equity is lost"
https://happyeducation.uk/universities/nottingham-trent-university-2/,https://happyeducation.uk/tr/universiteler/ingiltere/nottingham-trent-university/,301,"LEGACY ALIAS (currently a live WordPress 301 to /universiteler/nottingham-trent-university-2/, linked from the old hub pages) -- must be re-created on the new platform or the link equity is lost"
https://happyeducation.uk/universities/royal-college-of-surgeons-2/,https://happyeducation.uk/tr/universiteler/ingiltere/royal-college-of-surgeons/,301,"LEGACY ALIAS (currently a live WordPress 301 to /universiteler/royal-college-of-surgeons-2/, linked from the old hub pages) -- must be re-created on the new platform or the link equity is lost"
https://happyeducation.uk/universities/university-of-strathclyde/,https://happyeducation.uk/tr/universiteler/ingiltere/university-of-strathclyde/,301,"LEGACY ALIAS (currently a live WordPress 301 to /universiteler/university-of-strathclyde/, linked from the old hub pages) -- must be re-created on the new platform or the link equity is lost"
https://happyeducation.uk/dil-okullari/kanada/,https://happyeducation.uk/tr/dil-okullari/kanada/,301,"LEGACY ALIAS (currently a live WordPress 301 to /dil-okullari/kanada-dil-okullari/, linked from the old hub pages) -- must be re-created on the new platform or the link equity is lost"
https://happyeducation.uk/course/ec-english-dublin/,https://happyeducation.uk/tr/dil-okullari/ec-english-dublin/,301,"LEGACY ALIAS (currently a live WordPress 301 to /dil-okullari/ec-english-dublin/, linked from the old hub pages) -- must be re-created on the new platform or the link equity is lost"
https://happyeducation.uk/dil-okullari/usa/,https://happyeducation.uk/tr/dil-okullari/amerika/,301,CURRENTLY 404 on the old site but linked from live hub pages and/or blog posts -- fix on migration
https://happyeducation.uk/dil-okullari/australia/,https://happyeducation.uk/tr/dil-okullari/avustralya/,301,CURRENTLY 404 on the old site but linked from live hub pages and/or blog posts -- fix on migration
https://happyeducation.uk/dil-okullari/uk/londra-2/,https://happyeducation.uk/tr/dil-okullari/ingiltere/londra/,301,CURRENTLY 404 on the old site but linked from live hub pages and/or blog posts -- fix on migration
https://happyeducation.uk/dil-okullari/uk/manchester/,https://happyeducation.uk/tr/dil-okullari/ingiltere/manchester/,301,CURRENTLY 404 on the old site but linked from live hub pages and/or blog posts -- fix on migration
https://happyeducation.uk/dil-okullari/uk/cambridge-2/,https://happyeducation.uk/tr/dil-okullari/ingiltere/cambridge/,301,CURRENTLY 404 on the old site but linked from live hub pages and/or blog posts -- fix on migration
https://happyeducation.uk/dil-okullari/uk/oxford-2/,https://happyeducation.uk/tr/dil-okullari/ingiltere/oxford/,301,CURRENTLY 404 on the old site but linked from live hub pages and/or blog posts -- fix on migration
https://happyeducation.uk/dil-okullari/uk/birmingham-2/,https://happyeducation.uk/tr/dil-okullari/ingiltere/birmingham/,301,CURRENTLY 404 on the old site but linked from live hub pages and/or blog posts -- fix on migration
https://happyeducation.uk/dil-okullari/uk/brighton/,https://happyeducation.uk/tr/dil-okullari/ingiltere/brighton/,301,CURRENTLY 404 on the old site but linked from live hub pages and/or blog posts -- fix on migration
https://happyeducation.uk/dil-okullari/malta-dil-okulu-fiyatlari-happy-education/,https://happyeducation.uk/tr/dil-okullari/malta/,301,CURRENTLY 404 on the old site but linked from live hub pages and/or blog posts -- fix on migration
https://happyeducation.uk/dil-okullari/dubai-dil-okulu-fiyatlari-happy-education/,https://happyeducation.uk/tr/dil-okullari/dubai/,301,CURRENTLY 404 on the old site but linked from live hub pages and/or blog posts -- fix on migration
https://happyeducation.uk/boarding-schools/,https://happyeducation.uk/tr/yatili-okullar/,301,CURRENTLY 404 on the old site but linked from live hub pages and/or blog posts -- fix on migration
https://happyeducation.uk/anasayfa/contact/,https://happyeducation.uk/tr/iletisim/,301,CURRENTLY 404 on the old site but linked from live hub pages and/or blog posts -- fix on migration
https://happyeducation.uk/anasayfa/,https://happyeducation.uk/tr/,301,CURRENTLY 404 on the old site but linked from live hub pages and/or blog posts -- fix on migration
https://happyeducation.uk/yatili-okullar2/,https://happyeducation.uk/tr/yatili-okullar/,301,CURRENTLY 404 on the old site but linked from live hub pages and/or blog posts -- fix on migration
https://happyeducation.uk/course/usa/,https://happyeducation.uk/tr/dil-okullari/amerika/,301,CURRENTLY 404 on the old site but linked from live hub pages and/or blog posts -- fix on migration
https://happyeducation.uk/course/australia/,https://happyeducation.uk/tr/dil-okullari/avustralya/,301,CURRENTLY 404 on the old site but linked from live hub pages and/or blog posts -- fix on migration
